   Compiling turingosv4 v0.1.0 (/Users/zephryj/work/.audit-scratch/turingosv4-main)
warning: unused imports: `MICRO_PER_COIN` and `MicroCoin`
  --> src/economy/monetary_invariant.rs:26:29
   |
26 | use crate::economy::money::{MicroCoin, MICRO_PER_COIN};
   |                             ^^^^^^^^^  ^^^^^^^^^^^^^^
   |
   = note: `#[warn(unused_imports)]` (part of `#[warn(unused)]`) on by default

warning: unused imports: `B_CTL` and `B_H`
  --> src/memory_kernel.rs:31:5
   |
31 |     B_CTL, B_D, B_DISTILL_IN, B_G, B_H, B_HEADER, B_HEADER_SCAN, B_PROMPT_MAX, B_S, B_T,
   |     ^^^^^                          ^^^

warning: unused import: `Sha256`
  --> src/runtime/agent_keypairs.rs:31:20
   |
31 | use sha2::{Digest, Sha256};
   |                    ^^^^^^

warning: unused import: `std::collections::BTreeMap`
  --> src/runtime/audit_views.rs:27:5
   |
27 | use std::collections::BTreeMap;
   |     ^^^^^^^^^^^^^^^^^^^^^^^^^^

warning: unused import: `crate::state::price_index::RationalPrice`
  --> src/runtime/audit_views.rs:32:5
   |
32 | use crate::state::price_index::RationalPrice;
   |     ^^^^^^^^^^^^^^^^^^^^^^^^^^^^^^^^^^^^^^^^

warning: unused imports: `LpShareAmount` and `ShareSidePair`
  --> src/runtime/audit_views.rs:33:53
   |
33 | use crate::state::q_state::{AgentId, EconomicState, LpShareAmount, PoolStatus, ShareSidePair};
   |                                                     ^^^^^^^^^^^^^              ^^^^^^^^^^^^^

warning: unused import: `ShareAmount`
  --> src/runtime/audit_views.rs:35:67
   |
35 | use crate::state::typed_tx::{EventId, PositionKind, PositionSide, ShareAmount};
   |                                                                   ^^^^^^^^^^^

warning: unused import: `Cid`
 --> src/runtime/preview_run.rs:1:40
  |
1 | use crate::bottom_white::cas::schema::{Cid, ObjectType};
  |                                        ^^^

warning: unused import: `ARTIFACT_BUNDLE_SCHEMA_ID`
 --> src/runtime/test_run.rs:3:63
  |
3 | use crate::runtime::artifact_bundle::{ArtifactBundleManifest, ARTIFACT_BUNDLE_SCHEMA_ID};
  |                                                               ^^^^^^^^^^^^^^^^^^^^^^^^^

warning: unused imports: `AgentId` and `ShareSidePair`
  --> src/state/price_index.rs:23:29
   |
23 | use crate::state::q_state::{AgentId, ChallengeStatus, EconomicState, ShareSidePair};
   |                             ^^^^^^^                                  ^^^^^^^^^^^^^

warning: unused import: `NodePosition`
  --> src/state/price_index.rs:24:39
   |
24 | use crate::state::typed_tx::{EventId, NodePosition, PositionSide, ShareAmount};
   |                                       ^^^^^^^^^^^^

warning: unused import: `crate::token_budget::B_S`
  --> src/rtool.rs:33:5
   |
33 | use crate::token_budget::B_S;
   |     ^^^^^^^^^^^^^^^^^^^^^^^^

warning: unused import: `Digest`
  --> src/runtime/agent_keypairs.rs:31:12
   |
31 | use sha2::{Digest, Sha256};
   |            ^^^^^^

warning: function `sign_rejected_attempt_summary` is never used
   --> src/bottom_white/ledger/system_keypair.rs:634:19
    |
634 |     pub(crate) fn sign_rejected_attempt_summary(
    |                   ^^^^^^^^^^^^^^^^^^^^^^^^^^^^^
    |
    = note: `#[warn(dead_code)]` (part of `#[warn(unused)]`) on by default

warning: function `sign_system_message` is never used
   --> src/bottom_white/ledger/system_keypair.rs:645:19
    |
645 |     pub(crate) fn sign_system_message(
    |                   ^^^^^^^^^^^^^^^^^^^

warning: function `sign_epoch_rotation_proof` is never used
   --> src/bottom_white/ledger/system_keypair.rs:815:19
    |
815 |     pub(crate) fn sign_epoch_rotation_proof(
    |                   ^^^^^^^^^^^^^^^^^^^^^^^^^

warning: function `sign_system_message` is never used
   --> src/bottom_white/ledger/system_keypair.rs:826:19
    |
826 |     pub(crate) fn sign_system_message(
    |                   ^^^^^^^^^^^^^^^^^^^

warning: field `tx_id` is never read
   --> src/runtime/chain_derived_run_facts.rs:242:5
    |
241 | struct WorkTxAttempt {
    |        ------------- field in this struct
242 |     tx_id: TxId,
    |     ^^^^^
    |
    = note: `WorkTxAttempt` has derived impls for the traits `Clone` and `Debug`, but these are intentionally ignored during dead code analysis

warning: method `register` is never used
   --> src/top_white/predicates/registry.rs:400:19
    |
390 | impl PredicateRegistry {
    | ---------------------- method in this implementation
...
400 |     pub(crate) fn register(&mut self, meta: PredicateMetadata) -> Result<(), RegisterError> {
    |                   ^^^^^^^^

warning: `turingosv4` (lib) generated 19 warnings (run `cargo fix --lib -p turingosv4` to apply 12 suggestions)
warning: unused imports: `Arc` and `RwLock`
  --> tests/constitution_cpmm_swap.rs:26:17
   |
26 | use std::sync::{Arc, RwLock};
   |                 ^^^  ^^^^^^
   |
   = note: `#[warn(unused_imports)]` (part of `#[warn(unused)]`) on by default

warning: unused import: `tempfile::TempDir`
  --> tests/constitution_cpmm_swap.rs:28:5
   |
28 | use tempfile::TempDir;
   |     ^^^^^^^^^^^^^^^^^

warning: unused import: `turingosv4::bottom_white::cas::store::CasStore`
  --> tests/constitution_cpmm_swap.rs:30:5
   |
30 | use turingosv4::bottom_white::cas::store::CasStore;
   |     ^^^^^^^^^^^^^^^^^^^^^^^^^^^^^^^^^^^^^^^^^^^^^^

warning: unused import: `turingosv4::bottom_white::ledger::rejection_evidence::RejectionEvidenceWriter`
  --> tests/constitution_cpmm_swap.rs:31:5
   |
31 | use turingosv4::bottom_white::ledger::rejection_evidence::RejectionEvidenceWriter;
   |     ^^^^^^^^^^^^^^^^^^^^^^^^^^^^^^^^^^^^^^^^^^^^^^^^^^^^^^^^^^^^^^^^^^^^^^^^^^^^^

warning: unused imports: `Ed25519Keypair`, `PinnedSystemPubkeys`, and `SystemEpoch`
  --> tests/constitution_cpmm_swap.rs:33:5
   |
33 |     Ed25519Keypair, PinnedSystemPubkeys, SystemEpoch,
   |     ^^^^^^^^^^^^^^  ^^^^^^^^^^^^^^^^^^^  ^^^^^^^^^^^

warning: unused import: `InMemoryLedgerWriter`
  --> tests/constitution_cpmm_swap.rs:35:59
   |
35 | use turingosv4::bottom_white::ledger::transition_ledger::{InMemoryLedgerWriter, LedgerWriter};
   |                                                           ^^^^^^^^^^^^^^^^^^^^

warning: unused import: `turingosv4::bottom_white::tools::registry::ToolRegistry`
  --> tests/constitution_cpmm_swap.rs:36:5
   |
36 | use turingosv4::bottom_white::tools::registry::ToolRegistry;
   |     ^^^^^^^^^^^^^^^^^^^^^^^^^^^^^^^^^^^^^^^^^^^^^^^^^^^^^^^

warning: unused imports: `Sequencer` and `SubmissionEnvelope`
  --> tests/constitution_cpmm_swap.rs:42:36
   |
42 | use turingosv4::state::sequencer::{Sequencer, SubmissionEnvelope};
   |                                    ^^^^^^^^^  ^^^^^^^^^^^^^^^^^^

warning: unused import: `turingosv4::top_white::predicates::registry::PredicateRegistry`
  --> tests/constitution_cpmm_swap.rs:47:5
   |
47 | use turingosv4::top_white::predicates::registry::PredicateRegistry;
   |     ^^^^^^^^^^^^^^^^^^^^^^^^^^^^^^^^^^^^^^^^^^^^^^^^^^^^^^^^^^^^^^

warning: unused import: `LedgerWriter`
  --> tests/constitution_cpmm_swap.rs:35:81
   |
35 | use turingosv4::bottom_white::ledger::transition_ledger::{InMemoryLedgerWriter, LedgerWriter};
   |                                                                                 ^^^^^^^^^^^^

warning: `turingosv4` (test "constitution_cpmm_swap") generated 10 warnings (run `cargo fix --test "constitution_cpmm_swap" -p turingosv4` to apply 9 suggestions)
warning: unused imports: `Arc` and `RwLock`
  --> tests/constitution_router_buy_with_coin.rs:33:17
   |
33 | use std::sync::{Arc, Mutex, RwLock};
   |                 ^^^         ^^^^^^
   |
   = note: `#[warn(unused_imports)]` (part of `#[warn(unused)]`) on by default

warning: unused import: `tempfile::TempDir`
  --> tests/constitution_router_buy_with_coin.rs:35:5
   |
35 | use tempfile::TempDir;
   |     ^^^^^^^^^^^^^^^^^

warning: unused import: `turingosv4::bottom_white::cas::store::CasStore`
  --> tests/constitution_router_buy_with_coin.rs:37:5
   |
37 | use turingosv4::bottom_white::cas::store::CasStore;
   |     ^^^^^^^^^^^^^^^^^^^^^^^^^^^^^^^^^^^^^^^^^^^^^^

warning: unused import: `turingosv4::bottom_white::ledger::rejection_evidence::RejectionEvidenceWriter`
  --> tests/constitution_router_buy_with_coin.rs:38:5
   |
38 | use turingosv4::bottom_white::ledger::rejection_evidence::RejectionEvidenceWriter;
   |     ^^^^^^^^^^^^^^^^^^^^^^^^^^^^^^^^^^^^^^^^^^^^^^^^^^^^^^^^^^^^^^^^^^^^^^^^^^^^^

warning: unused imports: `Ed25519Keypair`, `PinnedSystemPubkeys`, and `SystemEpoch`
  --> tests/constitution_router_buy_with_coin.rs:40:5
   |
40 |     Ed25519Keypair, PinnedSystemPubkeys, SystemEpoch,
   |     ^^^^^^^^^^^^^^  ^^^^^^^^^^^^^^^^^^^  ^^^^^^^^^^^

warning: unused import: `InMemoryLedgerWriter`
  --> tests/constitution_router_buy_with_coin.rs:42:59
   |
42 | use turingosv4::bottom_white::ledger::transition_ledger::{InMemoryLedgerWriter, LedgerWriter};
   |                                                           ^^^^^^^^^^^^^^^^^^^^

warning: unused import: `turingosv4::bottom_white::tools::registry::ToolRegistry`
  --> tests/constitution_router_buy_with_coin.rs:43:5
   |
43 | use turingosv4::bottom_white::tools::registry::ToolRegistry;
   |     ^^^^^^^^^^^^^^^^^^^^^^^^^^^^^^^^^^^^^^^^^^^^^^^^^^^^^^^

warning: unused imports: `Sequencer` and `SubmissionEnvelope`
  --> tests/constitution_router_buy_with_coin.rs:49:36
   |
49 | use turingosv4::state::sequencer::{Sequencer, SubmissionEnvelope};
   |                                    ^^^^^^^^^  ^^^^^^^^^^^^^^^^^^

warning: unused import: `turingosv4::top_white::predicates::registry::PredicateRegistry`
  --> tests/constitution_router_buy_with_coin.rs:54:5
   |
54 | use turingosv4::top_white::predicates::registry::PredicateRegistry;
   |     ^^^^^^^^^^^^^^^^^^^^^^^^^^^^^^^^^^^^^^^^^^^^^^^^^^^^^^^^^^^^^^

warning: unused import: `LedgerWriter`
  --> tests/constitution_router_buy_with_coin.rs:42:81
   |
42 | use turingosv4::bottom_white::ledger::transition_ledger::{InMemoryLedgerWriter, LedgerWriter};
   |                                                                                 ^^^^^^^^^^^^

warning: `turingosv4` (test "constitution_router_buy_with_coin") generated 10 warnings (run `cargo fix --test "constitution_router_buy_with_coin" -p turingosv4` to apply 9 suggestions)
warning: unused imports: `Arc` and `RwLock`
  --> tests/constitution_market_seed_hardening.rs:26:17
   |
26 | use std::sync::{Arc, RwLock};
   |                 ^^^  ^^^^^^
   |
   = note: `#[warn(unused_imports)]` (part of `#[warn(unused)]`) on by default

warning: unused import: `tempfile::TempDir`
  --> tests/constitution_market_seed_hardening.rs:28:5
   |
28 | use tempfile::TempDir;
   |     ^^^^^^^^^^^^^^^^^

warning: unused import: `turingosv4::bottom_white::cas::store::CasStore`
  --> tests/constitution_market_seed_hardening.rs:30:5
   |
30 | use turingosv4::bottom_white::cas::store::CasStore;
   |     ^^^^^^^^^^^^^^^^^^^^^^^^^^^^^^^^^^^^^^^^^^^^^^

warning: unused import: `turingosv4::bottom_white::ledger::rejection_evidence::RejectionEvidenceWriter`
  --> tests/constitution_market_seed_hardening.rs:31:5
   |
31 | use turingosv4::bottom_white::ledger::rejection_evidence::RejectionEvidenceWriter;
   |     ^^^^^^^^^^^^^^^^^^^^^^^^^^^^^^^^^^^^^^^^^^^^^^^^^^^^^^^^^^^^^^^^^^^^^^^^^^^^^

warning: unused imports: `Ed25519Keypair`, `PinnedSystemPubkeys`, and `SystemEpoch`
  --> tests/constitution_market_seed_hardening.rs:33:5
   |
33 |     Ed25519Keypair, PinnedSystemPubkeys, SystemEpoch,
   |     ^^^^^^^^^^^^^^  ^^^^^^^^^^^^^^^^^^^  ^^^^^^^^^^^

warning: unused imports: `InMemoryLedgerWriter` and `LedgerWriter`
  --> tests/constitution_market_seed_hardening.rs:35:59
   |
35 | use turingosv4::bottom_white::ledger::transition_ledger::{InMemoryLedgerWriter, LedgerWriter};
   |                                                           ^^^^^^^^^^^^^^^^^^^^  ^^^^^^^^^^^^

warning: unused import: `turingosv4::bottom_white::tools::registry::ToolRegistry`
  --> tests/constitution_market_seed_hardening.rs:36:5
   |
36 | use turingosv4::bottom_white::tools::registry::ToolRegistry;
   |     ^^^^^^^^^^^^^^^^^^^^^^^^^^^^^^^^^^^^^^^^^^^^^^^^^^^^^^^

warning: unused imports: `Sequencer` and `SubmissionEnvelope`
  --> tests/constitution_market_seed_hardening.rs:42:36
   |
42 | use turingosv4::state::sequencer::{Sequencer, SubmissionEnvelope};
   |                                    ^^^^^^^^^  ^^^^^^^^^^^^^^^^^^

warning: unused import: `turingosv4::top_white::predicates::registry::PredicateRegistry`
  --> tests/constitution_market_seed_hardening.rs:44:5
   |
44 | use turingosv4::top_white::predicates::registry::PredicateRegistry;
   |     ^^^^^^^^^^^^^^^^^^^^^^^^^^^^^^^^^^^^^^^^^^^^^^^^^^^^^^^^^^^^^^

warning: field `repo_path` is never read
  --> tests/constitution_tb_n3_a3_emit.rs:48:5
   |
42 | struct Harness {
   |        ------- field in this struct
...
48 |     repo_path: std::path::PathBuf,
   |     ^^^^^^^^^
   |
   = note: `#[warn(dead_code)]` (part of `#[warn(unused)]`) on by default

warning: `turingosv4` (test "constitution_market_seed_hardening") generated 9 warnings (run `cargo fix --test "constitution_market_seed_hardening" -p turingosv4` to apply 9 suggestions)
warning: unused import: `turingosv4::bottom_white::cas::schema::Cid`
    --> src/bin/turingos/cmd_llm.rs:1045:9
     |
1045 |     use turingosv4::bottom_white::cas::schema::Cid;
     |         ^^^^^^^^^^^^^^^^^^^^^^^^^^^^^^^^^^^^^^^^^^
     |
     = note: `#[warn(unused_imports)]` (part of `#[warn(unused)]`) on by default

warning: unused imports: `Arc` and `RwLock`
  --> tests/constitution_completeset_hardening.rs:39:17
   |
39 | use std::sync::{Arc, RwLock};
   |                 ^^^  ^^^^^^
   |
   = note: `#[warn(unused_imports)]` (part of `#[warn(unused)]`) on by default

warning: unused import: `tempfile::TempDir`
  --> tests/constitution_completeset_hardening.rs:41:5
   |
41 | use tempfile::TempDir;
   |     ^^^^^^^^^^^^^^^^^

warning: unused import: `turingosv4::bottom_white::cas::store::CasStore`
  --> tests/constitution_completeset_hardening.rs:43:5
   |
43 | use turingosv4::bottom_white::cas::store::CasStore;
   |     ^^^^^^^^^^^^^^^^^^^^^^^^^^^^^^^^^^^^^^^^^^^^^^

warning: unused import: `turingosv4::bottom_white::ledger::rejection_evidence::RejectionEvidenceWriter`
  --> tests/constitution_completeset_hardening.rs:44:5
   |
44 | use turingosv4::bottom_white::ledger::rejection_evidence::RejectionEvidenceWriter;
   |     ^^^^^^^^^^^^^^^^^^^^^^^^^^^^^^^^^^^^^^^^^^^^^^^^^^^^^^^^^^^^^^^^^^^^^^^^^^^^^

warning: unused imports: `Ed25519Keypair`, `PinnedSystemPubkeys`, and `SystemEpoch`
  --> tests/constitution_completeset_hardening.rs:46:5
   |
46 |     Ed25519Keypair, PinnedSystemPubkeys, SystemEpoch,
   |     ^^^^^^^^^^^^^^  ^^^^^^^^^^^^^^^^^^^  ^^^^^^^^^^^

warning: unused imports: `InMemoryLedgerWriter` and `LedgerWriter`
  --> tests/constitution_completeset_hardening.rs:48:59
   |
48 | use turingosv4::bottom_white::ledger::transition_ledger::{InMemoryLedgerWriter, LedgerWriter};
   |                                                           ^^^^^^^^^^^^^^^^^^^^  ^^^^^^^^^^^^

warning: unused import: `turingosv4::bottom_white::tools::registry::ToolRegistry`
  --> tests/constitution_completeset_hardening.rs:49:5
   |
49 | use turingosv4::bottom_white::tools::registry::ToolRegistry;
   |     ^^^^^^^^^^^^^^^^^^^^^^^^^^^^^^^^^^^^^^^^^^^^^^^^^^^^^^^

warning: unused imports: `Sequencer` and `SubmissionEnvelope`
  --> tests/constitution_completeset_hardening.rs:55:36
   |
55 | use turingosv4::state::sequencer::{Sequencer, SubmissionEnvelope};
   |                                    ^^^^^^^^^  ^^^^^^^^^^^^^^^^^^

warning: unused import: `turingosv4::top_white::predicates::registry::PredicateRegistry`
  --> tests/constitution_completeset_hardening.rs:60:5
   |
60 | use turingosv4::top_white::predicates::registry::PredicateRegistry;
   |     ^^^^^^^^^^^^^^^^^^^^^^^^^^^^^^^^^^^^^^^^^^^^^^^^^^^^^^^^^^^^^^

warning: value assigned to `prev_covered` is never read
    --> src/bin/turingos/cmd_spec.rs:1240:17
     |
1240 |                 prev_covered = payload.covered_slots.clone();
     |                 ^^^^^^^^^^^^
     |
     = help: maybe it is overwritten before being read?
     = note: `#[warn(unused_assignments)]` (part of `#[warn(unused)]`) on by default

warning: value assigned to `last_turn_cid` is never read
    --> src/bin/turingos/cmd_spec.rs:1237:17
     |
1237 |                 last_turn_cid = Some(turn_cid);
     |                 ^^^^^^^^^^^^^
     |
     = help: maybe it is overwritten before being read?

warning: field `meta_prompt` is never read
    --> src/bin/turingos/cmd_llm.rs:1587:5
     |
1582 | struct PromptEvalArgs {
     |        -------------- field in this struct
...
1587 |     meta_prompt: Option<PathBuf>,
     |     ^^^^^^^^^^^
     |
     = note: `#[warn(dead_code)]` (part of `#[warn(unused)]`) on by default

warning: function `outcome_from_bundle` is never used
   --> src/bin/turingos/cmd_spec.rs:560:4
    |
560 | fn outcome_from_bundle(
    |    ^^^^^^^^^^^^^^^^^^^

warning: field `parsed_envelope` is never read
   --> src/bin/turingos/cmd_spec.rs:699:5
    |
690 | struct LlmCompleteResult {
    |        ----------------- field in this struct
...
699 |     parsed_envelope: Option<serde_json::Value>,
    |     ^^^^^^^^^^^^^^^

warning: field `ok` is never read
   --> src/bin/turingos/cmd_spec.rs:812:5
    |
811 | struct TriageResult {
    |        ------------ field in this struct
812 |     ok: bool,
    |     ^^

warning: function `suggest_workspace` is never used
   --> src/bin/turingos/cmd_wizard.rs:392:4
    |
392 | fn suggest_workspace(idea: &str) -> PathBuf {
    |    ^^^^^^^^^^^^^^^^^

warning: function `prompt_with_default` is never used
   --> src/bin/turingos/cmd_wizard.rs:429:4
    |
429 | fn prompt_with_default(label: &str, default: &str) -> Result<String, String> {
    |    ^^^^^^^^^^^^^^^^^^^

warning: `turingosv4` (test "constitution_tb_n3_a3_emit") generated 1 warning
warning: unused import: `turingosv4::judges::math_step_judge::JudgeVerdict`
  --> src/bin/tdma_rc1_nesbitt_stress.rs:39:5
   |
39 | use turingosv4::judges::math_step_judge::JudgeVerdict;
   |     ^^^^^^^^^^^^^^^^^^^^^^^^^^^^^^^^^^^^^^^^^^^^^^^^^
   |
   = note: `#[warn(unused_imports)]` (part of `#[warn(unused)]`) on by default

warning: unused import: `NodeKind`
  --> src/bin/tdma_rc1_nesbitt_stress.rs:44:58
   |
44 |     AttemptScope, ImmutableTapeLedger, MemoryTapeLedger, NodeKind,
   |                                                          ^^^^^^^^

warning: `turingosv4` (test "constitution_completeset_hardening") generated 9 warnings (run `cargo fix --test "constitution_completeset_hardening" -p turingosv4` to apply 9 suggestions)
warning: `turingosv4` (bin "tdma_rc1_nesbitt_stress") generated 2 warnings (run `cargo fix --bin "tdma_rc1_nesbitt_stress" -p turingosv4` to apply 2 suggestions)
warning: unused import: `NodeKind`
  --> src/bin/tdma_rc1_distiller_stress.rs:42:79
   |
42 | use turingosv4::ledger::{AttemptScope, ImmutableTapeLedger, MemoryTapeLedger, NodeKind};
   |                                                                               ^^^^^^^^
   |
   = note: `#[warn(unused_imports)]` (part of `#[warn(unused)]`) on by default

warning: variable `cumulative_stderr_bytes` is assigned to, but never used
   --> src/bin/tdma_rc1_distiller_stress.rs:179:9
    |
179 |     let mut cumulative_stderr_bytes = 0usize;
    |         ^^^^^^^^^^^^^^^^^^^^^^^^^^^
    |
    = note: consider using `_cumulative_stderr_bytes` instead
    = note: `#[warn(unused_variables)]` (part of `#[warn(unused)]`) on by default

warning: value assigned to `cumulative_stderr_bytes` is never read
   --> src/bin/tdma_rc1_distiller_stress.rs:184:9
    |
184 |         cumulative_stderr_bytes += raw_stderr.len();
    |         ^^^^^^^^^^^^^^^^^^^^^^^^^^^^^^^^^^^^^^^^^^^
    |
    = help: maybe it is overwritten before being read?
    = note: `#[warn(unused_assignments)]` (part of `#[warn(unused)]`) on by default

warning: `turingosv4` (bin "turingos") generated 9 warnings (run `cargo fix --bin "turingos" -p turingosv4` to apply 1 suggestion)
warning: unused imports: `Arc` and `RwLock`
  --> tests/constitution_polymarket_smoke.rs:38:17
   |
38 | use std::sync::{Arc, RwLock};
   |                 ^^^  ^^^^^^
   |
   = note: `#[warn(unused_imports)]` (part of `#[warn(unused)]`) on by default

warning: unused import: `tempfile::TempDir`
  --> tests/constitution_polymarket_smoke.rs:40:5
   |
40 | use tempfile::TempDir;
   |     ^^^^^^^^^^^^^^^^^

warning: unused import: `turingosv4::bottom_white::cas::store::CasStore`
  --> tests/constitution_polymarket_smoke.rs:42:5
   |
42 | use turingosv4::bottom_white::cas::store::CasStore;
   |     ^^^^^^^^^^^^^^^^^^^^^^^^^^^^^^^^^^^^^^^^^^^^^^

warning: unused import: `turingosv4::bottom_white::ledger::rejection_evidence::RejectionEvidenceWriter`
  --> tests/constitution_polymarket_smoke.rs:43:5
   |
43 | use turingosv4::bottom_white::ledger::rejection_evidence::RejectionEvidenceWriter;
   |     ^^^^^^^^^^^^^^^^^^^^^^^^^^^^^^^^^^^^^^^^^^^^^^^^^^^^^^^^^^^^^^^^^^^^^^^^^^^^^

warning: unused imports: `Ed25519Keypair`, `PinnedSystemPubkeys`, and `SystemEpoch`
  --> tests/constitution_polymarket_smoke.rs:45:5
   |
45 |     Ed25519Keypair, PinnedSystemPubkeys, SystemEpoch,
   |     ^^^^^^^^^^^^^^  ^^^^^^^^^^^^^^^^^^^  ^^^^^^^^^^^

warning: unused import: `InMemoryLedgerWriter`
  --> tests/constitution_polymarket_smoke.rs:47:59
   |
47 | use turingosv4::bottom_white::ledger::transition_ledger::{InMemoryLedgerWriter, LedgerWriter};
   |                                                           ^^^^^^^^^^^^^^^^^^^^

warning: unused import: `turingosv4::bottom_white::tools::registry::ToolRegistry`
  --> tests/constitution_polymarket_smoke.rs:48:5
   |
48 | use turingosv4::bottom_white::tools::registry::ToolRegistry;
   |     ^^^^^^^^^^^^^^^^^^^^^^^^^^^^^^^^^^^^^^^^^^^^^^^^^^^^^^^

warning: unused imports: `Sequencer` and `SubmissionEnvelope`
  --> tests/constitution_polymarket_smoke.rs:63:36
   |
63 | use turingosv4::state::sequencer::{Sequencer, SubmissionEnvelope, SystemEmitCommand};
   |                                    ^^^^^^^^^  ^^^^^^^^^^^^^^^^^^

warning: unused import: `turingosv4::top_white::predicates::registry::PredicateRegistry`
  --> tests/constitution_polymarket_smoke.rs:68:5
   |
68 | use turingosv4::top_white::predicates::registry::PredicateRegistry;
   |     ^^^^^^^^^^^^^^^^^^^^^^^^^^^^^^^^^^^^^^^^^^^^^^^^^^^^^^^^^^^^^^

warning: unused import: `LedgerWriter`
  --> tests/constitution_polymarket_smoke.rs:47:81
   |
47 | use turingosv4::bottom_white::ledger::transition_ledger::{InMemoryLedgerWriter, LedgerWriter};
   |                                                                                 ^^^^^^^^^^^^

warning: `turingosv4` (bin "tdma_rc1_distiller_stress") generated 3 warnings (run `cargo fix --bin "tdma_rc1_distiller_stress" -p turingosv4` to apply 1 suggestion)
warning: `turingosv4` (test "constitution_polymarket_smoke") generated 10 warnings (run `cargo fix --test "constitution_polymarket_smoke" -p turingosv4` to apply 9 suggestions)
warning: unused imports: `Arc` and `RwLock`
  --> tests/constitution_router_price_quote.rs:20:17
   |
20 | use std::sync::{Arc, RwLock};
   |                 ^^^  ^^^^^^
   |
   = note: `#[warn(unused_imports)]` (part of `#[warn(unused)]`) on by default

warning: unused import: `tempfile::TempDir`
  --> tests/constitution_router_price_quote.rs:22:5
   |
22 | use tempfile::TempDir;
   |     ^^^^^^^^^^^^^^^^^

warning: unused import: `turingosv4::bottom_white::cas::store::CasStore`
  --> tests/constitution_router_price_quote.rs:24:5
   |
24 | use turingosv4::bottom_white::cas::store::CasStore;
   |     ^^^^^^^^^^^^^^^^^^^^^^^^^^^^^^^^^^^^^^^^^^^^^^

warning: unused import: `turingosv4::bottom_white::ledger::rejection_evidence::RejectionEvidenceWriter`
  --> tests/constitution_router_price_quote.rs:25:5
   |
25 | use turingosv4::bottom_white::ledger::rejection_evidence::RejectionEvidenceWriter;
   |     ^^^^^^^^^^^^^^^^^^^^^^^^^^^^^^^^^^^^^^^^^^^^^^^^^^^^^^^^^^^^^^^^^^^^^^^^^^^^^

warning: unused imports: `Ed25519Keypair`, `PinnedSystemPubkeys`, and `SystemEpoch`
  --> tests/constitution_router_price_quote.rs:27:5
   |
27 |     Ed25519Keypair, PinnedSystemPubkeys, SystemEpoch,
   |     ^^^^^^^^^^^^^^  ^^^^^^^^^^^^^^^^^^^  ^^^^^^^^^^^

warning: unused imports: `InMemoryLedgerWriter` and `LedgerWriter`
  --> tests/constitution_router_price_quote.rs:29:59
   |
29 | use turingosv4::bottom_white::ledger::transition_ledger::{InMemoryLedgerWriter, LedgerWriter};
   |                                                           ^^^^^^^^^^^^^^^^^^^^  ^^^^^^^^^^^^

warning: unused import: `turingosv4::bottom_white::tools::registry::ToolRegistry`
  --> tests/constitution_router_price_quote.rs:30:5
   |
30 | use turingosv4::bottom_white::tools::registry::ToolRegistry;
   |     ^^^^^^^^^^^^^^^^^^^^^^^^^^^^^^^^^^^^^^^^^^^^^^^^^^^^^^^

warning: unused imports: `Sequencer` and `SubmissionEnvelope`
  --> tests/constitution_router_price_quote.rs:36:36
   |
36 | use turingosv4::state::sequencer::{Sequencer, SubmissionEnvelope};
   |                                    ^^^^^^^^^  ^^^^^^^^^^^^^^^^^^

warning: unused import: `turingosv4::top_white::predicates::registry::PredicateRegistry`
  --> tests/constitution_router_price_quote.rs:41:5
   |
41 | use turingosv4::top_white::predicates::registry::PredicateRegistry;
   |     ^^^^^^^^^^^^^^^^^^^^^^^^^^^^^^^^^^^^^^^^^^^^^^^^^^^^^^^^^^^^^^

warning: variable `payC` should have a snake case name
   --> tests/constitution_router_price_quote.rs:147:10
    |
147 |     for &payC in &[100_000_i64, 1_000_000, 5_000_000, 10_000_000] {
    |          ^^^^ help: convert the identifier to snake case: `pay_c`
    |
    = note: `#[warn(non_snake_case)]` (part of `#[warn(nonstandard_style)]`) on by default

warning: variable `payC` should have a snake case name
   --> tests/constitution_router_price_quote.rs:260:9
    |
260 |     let payC: i64 = 5_000_000;
    |         ^^^^ help: convert the identifier to snake case: `pay_c`

warning: `turingosv4` (test "constitution_router_price_quote") generated 11 warnings (run `cargo fix --test "constitution_router_price_quote" -p turingosv4` to apply 9 suggestions)
warning: variant `NotYetLanded` is never constructed
  --> tests/constitution_architect_verbatim_struct_binding.rs:36:5
   |
34 | enum LandingStatus {
   |      ------------- variant in this enum
35 |     Landed,
36 |     NotYetLanded,
   |     ^^^^^^^^^^^^
   |
   = note: `LandingStatus` has derived impls for the traits `Clone` and `Debug`, but these are intentionally ignored during dead code analysis
   = note: `#[warn(dead_code)]` (part of `#[warn(unused)]`) on by default

warning: `turingosv4` (test "constitution_architect_verbatim_struct_binding") generated 1 warning
warning: unused import: `std::path::Path`
  --> tests/constitution_art_v3_amendment_log.rs:29:5
   |
29 | use std::path::Path;
   |     ^^^^^^^^^^^^^^^
   |
   = note: `#[warn(unused_imports)]` (part of `#[warn(unused)]`) on by default

warning: unused imports: `Arc` and `RwLock`
  --> tests/constitution_completeset_merge.rs:25:17
   |
25 | use std::sync::{Arc, RwLock};
   |                 ^^^  ^^^^^^
   |
   = note: `#[warn(unused_imports)]` (part of `#[warn(unused)]`) on by default

warning: unused import: `tempfile::TempDir`
  --> tests/constitution_completeset_merge.rs:27:5
   |
27 | use tempfile::TempDir;
   |     ^^^^^^^^^^^^^^^^^

warning: unused import: `turingosv4::bottom_white::cas::store::CasStore`
  --> tests/constitution_completeset_merge.rs:29:5
   |
29 | use turingosv4::bottom_white::cas::store::CasStore;
   |     ^^^^^^^^^^^^^^^^^^^^^^^^^^^^^^^^^^^^^^^^^^^^^^

warning: unused import: `turingosv4::bottom_white::ledger::rejection_evidence::RejectionEvidenceWriter`
  --> tests/constitution_completeset_merge.rs:30:5
   |
30 | use turingosv4::bottom_white::ledger::rejection_evidence::RejectionEvidenceWriter;
   |     ^^^^^^^^^^^^^^^^^^^^^^^^^^^^^^^^^^^^^^^^^^^^^^^^^^^^^^^^^^^^^^^^^^^^^^^^^^^^^

warning: unused imports: `Ed25519Keypair`, `PinnedSystemPubkeys`, and `SystemEpoch`
  --> tests/constitution_completeset_merge.rs:32:5
   |
32 |     Ed25519Keypair, PinnedSystemPubkeys, SystemEpoch,
   |     ^^^^^^^^^^^^^^  ^^^^^^^^^^^^^^^^^^^  ^^^^^^^^^^^

warning: unused imports: `InMemoryLedgerWriter` and `LedgerWriter`
  --> tests/constitution_completeset_merge.rs:34:59
   |
34 | use turingosv4::bottom_white::ledger::transition_ledger::{InMemoryLedgerWriter, LedgerWriter};
   |                                                           ^^^^^^^^^^^^^^^^^^^^  ^^^^^^^^^^^^

warning: unused import: `turingosv4::bottom_white::tools::registry::ToolRegistry`
  --> tests/constitution_completeset_merge.rs:35:5
   |
35 | use turingosv4::bottom_white::tools::registry::ToolRegistry;
   |     ^^^^^^^^^^^^^^^^^^^^^^^^^^^^^^^^^^^^^^^^^^^^^^^^^^^^^^^

warning: unused imports: `Sequencer` and `SubmissionEnvelope`
  --> tests/constitution_completeset_merge.rs:41:36
   |
41 | use turingosv4::state::sequencer::{Sequencer, SubmissionEnvelope};
   |                                    ^^^^^^^^^  ^^^^^^^^^^^^^^^^^^

warning: unused import: `turingosv4::top_white::predicates::registry::PredicateRegistry`
  --> tests/constitution_completeset_merge.rs:46:5
   |
46 | use turingosv4::top_white::predicates::registry::PredicateRegistry;
   |     ^^^^^^^^^^^^^^^^^^^^^^^^^^^^^^^^^^^^^^^^^^^^^^^^^^^^^^^^^^^^^^

warning: `turingosv4` (test "constitution_art_v3_amendment_log") generated 1 warning (run `cargo fix --test "constitution_art_v3_amendment_log" -p turingosv4` to apply 1 suggestion)
warning: unused imports: `Arc` and `RwLock`
  --> tests/constitution_audit_views.rs:19:17
   |
19 | use std::sync::{Arc, RwLock};
   |                 ^^^  ^^^^^^
   |
   = note: `#[warn(unused_imports)]` (part of `#[warn(unused)]`) on by default

warning: unused import: `tempfile::TempDir`
  --> tests/constitution_audit_views.rs:21:5
   |
21 | use tempfile::TempDir;
   |     ^^^^^^^^^^^^^^^^^

warning: unused import: `turingosv4::bottom_white::cas::store::CasStore`
  --> tests/constitution_audit_views.rs:23:5
   |
23 | use turingosv4::bottom_white::cas::store::CasStore;
   |     ^^^^^^^^^^^^^^^^^^^^^^^^^^^^^^^^^^^^^^^^^^^^^^

warning: unused import: `turingosv4::bottom_white::ledger::rejection_evidence::RejectionEvidenceWriter`
  --> tests/constitution_audit_views.rs:24:5
   |
24 | use turingosv4::bottom_white::ledger::rejection_evidence::RejectionEvidenceWriter;
   |     ^^^^^^^^^^^^^^^^^^^^^^^^^^^^^^^^^^^^^^^^^^^^^^^^^^^^^^^^^^^^^^^^^^^^^^^^^^^^^

warning: unused imports: `Ed25519Keypair`, `PinnedSystemPubkeys`, and `SystemEpoch`
  --> tests/constitution_audit_views.rs:26:5
   |
26 |     Ed25519Keypair, PinnedSystemPubkeys, SystemEpoch,
   |     ^^^^^^^^^^^^^^  ^^^^^^^^^^^^^^^^^^^  ^^^^^^^^^^^

warning: unused import: `InMemoryLedgerWriter`
  --> tests/constitution_audit_views.rs:28:59
   |
28 | use turingosv4::bottom_white::ledger::transition_ledger::{InMemoryLedgerWriter, LedgerWriter};
   |                                                           ^^^^^^^^^^^^^^^^^^^^

warning: unused import: `turingosv4::bottom_white::tools::registry::ToolRegistry`
  --> tests/constitution_audit_views.rs:29:5
   |
29 | use turingosv4::bottom_white::tools::registry::ToolRegistry;
   |     ^^^^^^^^^^^^^^^^^^^^^^^^^^^^^^^^^^^^^^^^^^^^^^^^^^^^^^^

warning: unused imports: `Sequencer` and `SubmissionEnvelope`
  --> tests/constitution_audit_views.rs:36:36
   |
36 | use turingosv4::state::sequencer::{Sequencer, SubmissionEnvelope};
   |                                    ^^^^^^^^^  ^^^^^^^^^^^^^^^^^^

warning: unused import: `turingosv4::top_white::predicates::registry::PredicateRegistry`
  --> tests/constitution_audit_views.rs:41:5
   |
41 | use turingosv4::top_white::predicates::registry::PredicateRegistry;
   |     ^^^^^^^^^^^^^^^^^^^^^^^^^^^^^^^^^^^^^^^^^^^^^^^^^^^^^^^^^^^^^^

warning: unused import: `LedgerWriter`
  --> tests/constitution_audit_views.rs:28:81
   |
28 | use turingosv4::bottom_white::ledger::transition_ledger::{InMemoryLedgerWriter, LedgerWriter};
   |                                                                                 ^^^^^^^^^^^^

warning: `turingosv4` (test "constitution_completeset_merge") generated 9 warnings (run `cargo fix --test "constitution_completeset_merge" -p turingosv4` to apply 9 suggestions)
warning: unused imports: `Arc` and `RwLock`
  --> tests/constitution_polymarket_event_state_gate.rs:21:17
   |
21 | use std::sync::{Arc, RwLock};
   |                 ^^^  ^^^^^^
   |
   = note: `#[warn(unused_imports)]` (part of `#[warn(unused)]`) on by default

warning: unused import: `tempfile::TempDir`
  --> tests/constitution_polymarket_event_state_gate.rs:23:5
   |
23 | use tempfile::TempDir;
   |     ^^^^^^^^^^^^^^^^^

warning: unused import: `turingosv4::bottom_white::cas::store::CasStore`
  --> tests/constitution_polymarket_event_state_gate.rs:25:5
   |
25 | use turingosv4::bottom_white::cas::store::CasStore;
   |     ^^^^^^^^^^^^^^^^^^^^^^^^^^^^^^^^^^^^^^^^^^^^^^

warning: unused import: `turingosv4::bottom_white::ledger::rejection_evidence::RejectionEvidenceWriter`
  --> tests/constitution_polymarket_event_state_gate.rs:26:5
   |
26 | use turingosv4::bottom_white::ledger::rejection_evidence::RejectionEvidenceWriter;
   |     ^^^^^^^^^^^^^^^^^^^^^^^^^^^^^^^^^^^^^^^^^^^^^^^^^^^^^^^^^^^^^^^^^^^^^^^^^^^^^

warning: unused imports: `Ed25519Keypair`, `PinnedSystemPubkeys`, and `SystemEpoch`
  --> tests/constitution_polymarket_event_state_gate.rs:28:5
   |
28 |     Ed25519Keypair, PinnedSystemPubkeys, SystemEpoch,
   |     ^^^^^^^^^^^^^^  ^^^^^^^^^^^^^^^^^^^  ^^^^^^^^^^^

warning: unused imports: `InMemoryLedgerWriter` and `LedgerWriter`
  --> tests/constitution_polymarket_event_state_gate.rs:30:59
   |
30 | use turingosv4::bottom_white::ledger::transition_ledger::{InMemoryLedgerWriter, LedgerWriter};
   |                                                           ^^^^^^^^^^^^^^^^^^^^  ^^^^^^^^^^^^

warning: unused import: `turingosv4::bottom_white::tools::registry::ToolRegistry`
  --> tests/constitution_polymarket_event_state_gate.rs:31:5
   |
31 | use turingosv4::bottom_white::tools::registry::ToolRegistry;
   |     ^^^^^^^^^^^^^^^^^^^^^^^^^^^^^^^^^^^^^^^^^^^^^^^^^^^^^^^

warning: unused imports: `Sequencer` and `SubmissionEnvelope`
  --> tests/constitution_polymarket_event_state_gate.rs:34:36
   |
34 | use turingosv4::state::sequencer::{Sequencer, SubmissionEnvelope};
   |                                    ^^^^^^^^^  ^^^^^^^^^^^^^^^^^^

warning: unused import: `turingosv4::top_white::predicates::registry::PredicateRegistry`
  --> tests/constitution_polymarket_event_state_gate.rs:39:5
   |
39 | use turingosv4::top_white::predicates::registry::PredicateRegistry;
   |     ^^^^^^^^^^^^^^^^^^^^^^^^^^^^^^^^^^^^^^^^^^^^^^^^^^^^^^^^^^^^^^

warning: `turingosv4` (test "constitution_audit_views") generated 10 warnings (run `cargo fix --test "constitution_audit_views" -p turingosv4` to apply 9 suggestions)
warning: variant `NotYetLanded` is never constructed
  --> tests/constitution_class4_atomic_rollback_witness.rs:36:5
   |
34 | enum LandingStatus {
   |      ------------- variant in this enum
35 |     Landed,
36 |     NotYetLanded,
   |     ^^^^^^^^^^^^
   |
   = note: `LandingStatus` has derived impls for the traits `Clone` and `Debug`, but these are intentionally ignored during dead code analysis
   = note: `#[warn(dead_code)]` (part of `#[warn(unused)]`) on by default

warning: `turingosv4` (test "constitution_polymarket_event_state_gate") generated 9 warnings (run `cargo fix --test "constitution_polymarket_event_state_gate" -p turingosv4` to apply 9 suggestions)
warning: unused imports: `Arc` and `RwLock`
  --> tests/constitution_cpmm_pool.rs:26:17
   |
26 | use std::sync::{Arc, RwLock};
   |                 ^^^  ^^^^^^
   |
   = note: `#[warn(unused_imports)]` (part of `#[warn(unused)]`) on by default

warning: unused import: `tempfile::TempDir`
  --> tests/constitution_cpmm_pool.rs:28:5
   |
28 | use tempfile::TempDir;
   |     ^^^^^^^^^^^^^^^^^

warning: unused import: `turingosv4::bottom_white::cas::store::CasStore`
  --> tests/constitution_cpmm_pool.rs:30:5
   |
30 | use turingosv4::bottom_white::cas::store::CasStore;
   |     ^^^^^^^^^^^^^^^^^^^^^^^^^^^^^^^^^^^^^^^^^^^^^^

warning: unused import: `turingosv4::bottom_white::ledger::rejection_evidence::RejectionEvidenceWriter`
  --> tests/constitution_cpmm_pool.rs:31:5
   |
31 | use turingosv4::bottom_white::ledger::rejection_evidence::RejectionEvidenceWriter;
   |     ^^^^^^^^^^^^^^^^^^^^^^^^^^^^^^^^^^^^^^^^^^^^^^^^^^^^^^^^^^^^^^^^^^^^^^^^^^^^^

warning: unused imports: `Ed25519Keypair`, `PinnedSystemPubkeys`, and `SystemEpoch`
  --> tests/constitution_cpmm_pool.rs:33:5
   |
33 |     Ed25519Keypair, PinnedSystemPubkeys, SystemEpoch,
   |     ^^^^^^^^^^^^^^  ^^^^^^^^^^^^^^^^^^^  ^^^^^^^^^^^

warning: unused imports: `InMemoryLedgerWriter` and `LedgerWriter`
  --> tests/constitution_cpmm_pool.rs:35:59
   |
35 | use turingosv4::bottom_white::ledger::transition_ledger::{InMemoryLedgerWriter, LedgerWriter};
   |                                                           ^^^^^^^^^^^^^^^^^^^^  ^^^^^^^^^^^^

warning: unused import: `turingosv4::bottom_white::tools::registry::ToolRegistry`
  --> tests/constitution_cpmm_pool.rs:36:5
   |
36 | use turingosv4::bottom_white::tools::registry::ToolRegistry;
   |     ^^^^^^^^^^^^^^^^^^^^^^^^^^^^^^^^^^^^^^^^^^^^^^^^^^^^^^^

warning: unused imports: `Sequencer` and `SubmissionEnvelope`
  --> tests/constitution_cpmm_pool.rs:44:36
   |
44 | use turingosv4::state::sequencer::{Sequencer, SubmissionEnvelope};
   |                                    ^^^^^^^^^  ^^^^^^^^^^^^^^^^^^

warning: unused import: `turingosv4::top_white::predicates::registry::PredicateRegistry`
  --> tests/constitution_cpmm_pool.rs:48:5
   |
48 | use turingosv4::top_white::predicates::registry::PredicateRegistry;
   |     ^^^^^^^^^^^^^^^^^^^^^^^^^^^^^^^^^^^^^^^^^^^^^^^^^^^^^^^^^^^^^^

warning: `turingosv4` (test "constitution_class4_atomic_rollback_witness") generated 1 warning
warning: `turingosv4` (test "constitution_cpmm_pool") generated 9 warnings (run `cargo fix --test "constitution_cpmm_pool" -p turingosv4` to apply 9 suggestions)
warning: constant `AGENT_PNL_PATH` is never used
  --> tests/constitution_g3_bankruptcy_risk_cap.rs:36:7
   |
36 | const AGENT_PNL_PATH: &str = "src/runtime/agent_pnl.rs";
   |       ^^^^^^^^^^^^^^
   |
   = note: `#[warn(dead_code)]` (part of `#[warn(unused)]`) on by default

warning: `turingosv4` (test "constitution_g3_bankruptcy_risk_cap") generated 1 warning
    Finished `test` profile [unoptimized + debuginfo] target(s) in 13.63s
     Running tests/constitution_admission_no_fail_open_default.rs (target/debug/deps/constitution_admission_no_fail_open_default-b7de9d4473300957)

running 9 tests
test lint_self_check_challenge_open_flagged ... ok
test lint_self_check_commented_out_violation_not_flagged ... ok
test lint_self_check_money_default_passes ... ok
test lint_self_check_ok_or_pattern_passes ... ok
test lint_self_check_path_qualified_token_flagged ... ok
test lint_self_check_token_in_comment_does_not_trigger_false_positive ... ok
test lint_self_check_unwrap_or_else_pool_active_flagged ... ok
test lint_self_check_unwrap_or_task_market_open_flagged ... ok
test no_fail_open_default_in_sequencer_admission ... ok

test result: ok. 9 passed; 0 failed; 0 ignored; 0 measured; 0 filtered out; finished in 0.01s

     Running tests/constitution_aggregate_report.rs (target/debug/deps/constitution_aggregate_report-dc9a1af5d6a1dbc7)

running 11 tests
test aggregate_report_disk_format_stable ... ok
test aggregate_report_fc1_aggregate_invariant_is_ship_block ... ok
test aggregate_report_schema_id_pin_is_constitutional ... ok
test aggregate_report_section_17_counts_present ... ok
test aggregate_report_section_17_halt_distribution_present ... ok
test aggregate_report_section_17_mean_pput_solved_present ... ok
test aggregate_report_section_17_no_fake_accepted_required ... ok
test aggregate_report_section_17_sigma_pput_finite ... ok
test aggregate_report_section_17_well_formed_passes ... ok
test aggregate_report_section_17_wilson_ci_present ... ok
test aggregate_report_wires_wilson_and_diversity ... ok

test result: ok. 11 passed; 0 failed; 0 ignored; 0 measured; 0 filtered out; finished in 0.00s

     Running tests/constitution_architect_verbatim_struct_binding.rs (target/debug/deps/constitution_architect_verbatim_struct_binding-f13258b846faf53d)

running 5 tests
test architect_verbatim_struct_field_bindings ... ok
test binding_self_check_extracts_known_fields ... ok
test binding_self_check_synthetic_d4_shape_field_rename_detected ... ok
test binding_self_check_synthetic_drift_detected ... ok
test binding_self_check_type_only_drift_detected ... ok

test result: ok. 5 passed; 0 failed; 0 ignored; 0 measured; 0 filtered out; finished in 0.01s

     Running tests/constitution_art_v3_amendment_log.rs (target/debug/deps/constitution_art_v3_amendment_log-18f7e406e21585ca)

running 6 tests
test v3_amendment_section_exists_and_parseable ... ok
test v3_constitution_hash_matches_trust_root_manifest ... ok
test v3_every_amendment_date_is_iso_format ... ok
test v3_every_amendment_has_four_populated_columns ... ok
test v3_every_amendment_triggered_by_human_architect ... ok
test v3_historical_amendments_remain_recorded ... ok

test result: ok. 6 passed; 0 failed; 0 ignored; 0 measured; 0 filtered out; finished in 0.01s

     Running tests/constitution_audit_tamper_3_of_3.rs (target/debug/deps/constitution_audit_tamper_3_of_3-9901929db5b29d6d)

running 10 tests
test chain_refs_list_is_complete_for_post_a3_multi_ref ... ok
test corrupt_chain_refs_corrupts_all_present_refs_a3_dual_write ... ok
test corrupt_chain_refs_errors_on_no_chain_refs ... ok
test corrupt_chain_refs_works_with_alias_only_pre_a3 ... ok
test flip_largest_cas_object_corrupts_largest ... ok
test flip_largest_reachable_l4_blob_errors_on_no_chain_refs ... ok
test flip_largest_reachable_l4_blob_picks_reachable_not_orphan_a3_canonical ... ok
test flip_largest_reachable_l4_blob_works_with_alias_only_pre_a3 ... ok
test l4_refs_is_strict_subset_of_chain_refs_excluding_l4e ... ok
test l4e_refs_is_strict_subset_of_chain_refs_l4e_only ... ok

test result: ok. 10 passed; 0 failed; 0 ignored; 0 measured; 0 filtered out; finished in 0.09s

     Running tests/constitution_audit_views.rs (target/debug/deps/constitution_audit_views-d9347ec888289d27)

running 3 tests
test audit_view_pools_matches_state ... ok
test audit_view_shares_matches_state ... ok
test dashboard_regenerates_market_view ... ok

test result: ok. 3 passed; 0 failed; 0 ignored; 0 measured; 0 filtered out; finished in 0.16s

     Running tests/constitution_benchmark_manifest.rs (target/debug/deps/constitution_benchmark_manifest-6e5cd74e6ed048e5)

running 6 tests
test benchmark_manifest_disk_round_trip_is_stable ... ok
test benchmark_manifest_no_field_omission_allowed ... ok
test benchmark_manifest_schema_id_drift_is_blocked ... ok
test benchmark_manifest_schema_id_pin_is_constitutional ... ok
test benchmark_manifest_total_runs_arithmetic_is_stable ... ok
test benchmark_manifest_well_formed_validates ... ok

test result: ok. 6 passed; 0 failed; 0 ignored; 0 measured; 0 filtered out; finished in 0.00s

     Running tests/constitution_broad_agi_true_suite_manifest.rs (target/debug/deps/constitution_broad_agi_true_suite_manifest-acf819365f5ae9d3)

running 4 tests
test benchmark_families_are_broad_and_have_machine_checkable_contracts ... ok
test broad_suite_forbids_old_15_and_score_only_contamination ... ok
test broad_suite_lights_all_three_flowcharts_without_edge_node_drift ... ok
test broad_true_suite_manifest_is_final_closure_verified_and_constitution_bound ... ok

test result: ok. 4 passed; 0 failed; 0 ignored; 0 measured; 0 filtered out; finished in 0.02s

     Running tests/constitution_class4_atomic_rollback_witness.rs (target/debug/deps/constitution_class4_atomic_rollback_witness-d7b884ee5991a5d5)

running 5 tests
test class4_atomic_rollback_witness_check ... ok
test witness_self_check_marker_only_in_comment_does_not_satisfy ... ok
test witness_self_check_marker_only_in_string_does_not_satisfy ... ok
test witness_self_check_synthetic_proper_test_passes ... ok
test witness_self_check_synthetic_vacuous_test_detected ... ok

test result: ok. 5 passed; 0 failed; 0 ignored; 0 measured; 0 filtered out; finished in 0.00s

     Running tests/constitution_closure_3_no_trivial_asserts.rs (target/debug/deps/constitution_closure_3_no_trivial_asserts-b502abb59f28c2d8)

running 3 tests
test constitution_closure_3_no_trivial_asserts_in_constitution_tests ... ok
test forbidden_patterns_list_is_load_bearing ... ok
test strip_helper_drops_doc_comment_pattern_text ... ok

test result: ok. 3 passed; 0 failed; 0 ignored; 0 measured; 0 filtered out; finished in 0.06s

     Running tests/constitution_completeset_hardening.rs (target/debug/deps/constitution_completeset_hardening-80636808e9040555)

running 8 tests
test mint_conserves_total_coin ... ok
test mint_one_coin_creates_one_yes_one_no ... ok
test redeem_cannot_exceed_share_balance ... ok
test redeem_debits_collateral ... ok
test redeem_no_after_no_pays_no_not_yes ... ok
test redeem_unavailable_before_resolution ... ok
test redeem_yes_after_yes_pays_yes_not_no ... ok
test shares_not_counted_as_coin ... ok

test result: ok. 8 passed; 0 failed; 0 ignored; 0 measured; 0 filtered out; finished in 0.34s

     Running tests/constitution_completeset_merge.rs (target/debug/deps/constitution_completeset_merge-ea0051da66269104)

running 5 tests
test merge_conserves_total_coin ... ok
test merge_reduces_collateral ... ok
test merge_requires_both_sides ... ok
test merge_unavailable_after_final_redeem_if_shares_exhausted ... ok
test merge_yes_no_returns_coin ... ok

test result: ok. 5 passed; 0 failed; 0 ignored; 0 measured; 0 filtered out; finished in 0.26s

     Running tests/constitution_cpmm_pool.rs (target/debug/deps/constitution_cpmm_pool-b93ef4deb7e0e91b)

running 4 tests
test lp_shares_not_counted_as_coin ... ok
test pool_cannot_exist_without_collateralized_shares ... ok
test pool_created_from_seed_inventory ... ok
test pool_reserves_not_counted_as_coin ... ok

test result: ok. 4 passed; 0 failed; 0 ignored; 0 measured; 0 filtered out; finished in 0.17s

     Running tests/constitution_cpmm_swap.rs (target/debug/deps/constitution_cpmm_swap-e5db480d770e50c6)

running 6 tests
test swap_fails_insufficient_pool_output ... ok
test swap_fails_zero_input ... ok
test swap_no_for_yes_constant_product_non_decreasing ... ok
test swap_respects_min_out_slippage ... ok
test swap_uses_integer_math_no_f64 ... ok
test swap_yes_for_no_constant_product_non_decreasing ... ok

test result: ok. 6 passed; 0 failed; 0 ignored; 0 measured; 0 filtered out; finished in 0.44s

     Running tests/constitution_demo_filesystem_check.rs (target/debug/deps/constitution_demo_filesystem_check-5df2db907ead2e77)

running 3 tests
test cargo_toml_contains_turingosv4 ... ok
test cargo_toml_exists ... ok
test cargo_toml_size_greater_than_100 ... ok

test result: ok. 3 passed; 0 failed; 0 ignored; 0 measured; 0 filtered out; finished in 0.00s

     Running tests/constitution_diversity.rs (target/debug/deps/constitution_diversity-3853590f8852cbc4)

running 7 tests
test diversity_report_alarms_on_either_metric_collapse ... ok
test diversity_report_does_not_alarm_when_both_above_floor ... ok
test parent_entropy_below_alarm_floor_at_extreme_collapse ... ok
test parent_entropy_collapses_to_zero_on_star_topology ... ok
test parent_entropy_helper_exists ... ok
test payload_diversity_below_alarm_floor_when_all_collapsed ... ok
test payload_diversity_helper_exists ... ok

test result: ok. 7 passed; 0 failed; 0 ignored; 0 measured; 0 filtered out; finished in 0.00s

     Running tests/constitution_economy_gate.rs (target/debug/deps/constitution_economy_gate-55796114f0b27128)

running 9 tests
test economy_complete_set_yes_no_not_coin ... ok
test economy_no_f64_money_path ... ok
test economy_no_ghost_liquidity ... ok
test economy_no_post_init_mint ... ok
test economy_read_is_free ... ok
test economy_total_coin_conserved ... ok
test economy_wallet_read_only_projection ... ok
test economy_write_requires_stake_or_escrow ... ok
test system_tx_not_agent_submittable ... ok

test result: ok. 9 passed; 0 failed; 0 ignored; 0 measured; 0 filtered out; finished in 0.01s

     Running tests/constitution_economy_strict_equality.rs (target/debug/deps/constitution_economy_strict_equality-117b0df193793944)

running 8 tests
test lint_ignores_min_outside_conservation_context ... ok
test lint_self_check_marked_min_passes ... ok
test lint_self_check_marker_in_comment_does_not_disguise_unmarked_call ... ok
test lint_self_check_max_aggregation_detected ... ok
test lint_self_check_qualified_path_min_detected ... ok
test lint_self_check_renamed_aggregate_detected ... ok
test lint_self_check_unmarked_min_fails ... ok
test no_unguarded_min_in_conservation_invariants ... ok

test result: ok. 8 passed; 0 failed; 0 ignored; 0 measured; 0 filtered out; finished in 0.00s

     Running tests/constitution_fc1_runtime_loop.rs (target/debug/deps/constitution_fc1_runtime_loop-f31ba85d88003504)

running 8 tests
test fc1_attempt_count_equality_under_real_load_p38_p49 ... ignored, TB-C0 MVP-1 evidence smoke: requires real LLM compute (P38+P49); architect-authorized run flips this from AMBER to GREEN. See handover/directives/2026-05-06_TBC0_CONSTITUTION_LANDING_RESET_DIRECTIVE.md §4.1.
test fc1_attempt_count_equals_tape_count ... ok
test fc1_dashboard_not_source_of_truth ... ok
test fc1_every_externalized_attempt_is_tape_visible ... ok
test fc1_no_fake_accepted_nodes ... ok
test fc1_no_legacy_authoritative_append ... ok
test fc1_predicate_fail_goes_l4e ... ok
test fc1_predicate_pass_goes_l4 ... ok

test result: ok. 7 passed; 0 failed; 1 ignored; 0 measured; 0 filtered out; finished in 0.00s

     Running tests/constitution_fc2_boot.rs (target/debug/deps/constitution_fc2_boot-424575b909fe84d4)

running 8 tests
test fc2_agent_registry_resolves ... ok
test fc2_genesis_report_exists ... ok
test fc2_no_memory_only_preseed ... ok
test fc2_no_post_init_mint ... ok
test fc2_on_init_only_mint ... ok
test fc2_run_replayable_from_genesis_tape_cas ... ok
test fc2_system_pubkeys_verify ... ok
test fc2_taskopen_escrowlock_are_chain_events ... ok

test result: ok. 8 passed; 0 failed; 0 ignored; 0 measured; 0 filtered out; finished in 0.06s

     Running tests/constitution_fc3_closure.rs (target/debug/deps/constitution_fc3_closure-796f33436126611e)

running 12 tests
test fc3_agent_ingress_rejects_meta_txs ... ok
test fc3_architect_feedback_is_not_plain_handover_or_latest ... ok
test fc3_architect_feedback_read_view_is_shielded ... ok
test fc3_error_reinit_request_links_errorhalt_to_next_boot ... ok
test fc3_logs_feedback_to_architect_ai_is_tape_cas_bound ... ok
test fc3_meta_feedback_replay_recomputes_source_log_root ... ok
test fc3_reinit_boot_recomputes_replayed_state_root ... ok
test fc3_reinit_no_rewrite_old_evidence ... ok
test fc3_runtime_architect_veto_pass_allows_approved_commit ... ok
test fc3_runtime_passed_proposal_cannot_be_retargeted_at_commit ... ok
test fc3_runtime_veto_blocks_constitution_mutation_commit ... ok
test fc3_tx_kind_discriminants_are_tail_only ... ok

test result: ok. 12 passed; 0 failed; 0 ignored; 0 measured; 0 filtered out; finished in 0.87s

     Running tests/constitution_fc3_evidence_binding.rs (target/debug/deps/constitution_fc3_evidence_binding-38c60573e7ac1c58)

running 7 tests
test fc3_art_v2_constitution_boundaries_witness ... ok
test fc3_cross_batch_chain_invariant_consistency_witness ... ok
test fc3_inv3_raw_logs_not_in_agent_read_view_real_witness ... ok
test fc3_inv4_latest_capsule_context_only_real_witness ... ok
test fc3_inv5_deep_history_default_deny_runtime_witness ... ok
test fc3_inv7_architect_proposes_no_direct_write_git_witness ... ok
test fc3_inv8_veto_ai_veto_only_audit_dir_witness ... ok

test result: ok. 7 passed; 0 failed; 0 ignored; 0 measured; 0 filtered out; finished in 0.14s

     Running tests/constitution_fc3_inv1_capsule_integrity_regen.rs (target/debug/deps/constitution_fc3_inv1_capsule_integrity_regen-3eed8cec83df6831)

running 4 tests
test fc3_inv1_capsule_attempt_count_matches_at_count_p08 ... ok
test fc3_inv1_capsule_id_is_content_addressable_p08 ... ok
test fc3_inv1_capsule_integrity_secondary_problems ... ok
test fc3_inv1_capsule_outcome_counts_match_at_walk_p08 ... ok

test result: ok. 4 passed; 0 failed; 0 ignored; 0 measured; 0 filtered out; finished in 0.55s

     Running tests/constitution_fc3_meta.rs (target/debug/deps/constitution_fc3_meta-8f7a49fbcda4f249)

running 8 tests
test fc3_architectai_proposal_not_direct_write ... ok
test fc3_capsule_derived_from_tape_cas ... ok
test fc3_deep_history_requires_override ... ok
test fc3_latest_capsule_context_only ... ok
test fc3_no_automatic_predicate_mutation ... ok
test fc3_no_global_markov_pointer ... ok
test fc3_raw_logs_not_in_agent_read_view ... ok
test fc3_veto_ai_veto_only ... ok

test result: ok. 8 passed; 0 failed; 0 ignored; 0 measured; 0 filtered out; finished in 0.14s

     Running tests/constitution_flowchart_livenow.rs (target/debug/deps/constitution_flowchart_livenow-968e0aa4aa7b7af2)

running 7 tests
test fc1_real_worktx_provenance_is_cas_bound_not_fixture_placeholder ... ok
test fc1_rtool_input_snapshot_is_chain_cas_derived ... ok
test fc1_typed_worktx_routes_to_l4_or_l4e ... ok
test fc2_boot_replay_and_resume_are_live ... ok
test fc2_map_reduce_tick_agent_ingress_is_forbidden ... ok
test fc2_map_reduce_tick_is_tape_visible_and_replay_verified ... ok
test fc2_terminal_summary_anchors_run_outcome ... ok

test result: ok. 7 passed; 0 failed; 0 ignored; 0 measured; 0 filtered out; finished in 0.43s

     Running tests/constitution_flowchart_source_alignment.rs (target/debug/deps/constitution_flowchart_source_alignment-ac2587538d9e6a89)

running 7 tests
test active_views_do_not_promote_derived_extracts_as_authority ... ok
test active_views_do_not_use_retired_fc_handles_as_canonical_coverage ... ok
test active_views_use_veto_ai_current_audit_doctrine ... ok
test archived_alignment_files_with_stale_handles_are_marked_non_authoritative ... ok
test constitution_flowchart_blocks_are_directly_parseable ... ok
test flowchart_liveness_status_matches_class4_closures ... ok
test ignored_runtime_stubs_are_not_counted_as_green_coverage ... ok

test result: ok. 7 passed; 0 failed; 0 ignored; 0 measured; 0 filtered out; finished in 0.03s

     Running tests/constitution_g1_2_batch_continuation_manifest.rs (target/debug/deps/constitution_g1_2_batch_continuation_manifest-e6639640aa15da8e)

running 4 tests
test manifest_head_chain_is_continuous ... ok
test manifest_records_all_tasks_in_order ... ok
test manifest_rejects_continuity_gap ... ok
test manifest_replay_matches_real_chain_head_walk ... ok

test result: ok. 4 passed; 0 failed; 0 ignored; 0 measured; 0 filtered out; finished in 0.16s

     Running tests/constitution_g1_2_chain_tape_lease.rs (target/debug/deps/constitution_g1_2_chain_tape_lease-f5c09cd1e220fa20)

running 6 tests
test lease_acquire_release_round_trip ... ok
test lease_detects_head_changed_under_lock ... ok
test lease_detects_stale_lock_when_pid_dead ... ok
test lease_rejects_second_writer_other_pid ... ok
test lease_rejects_second_writer_same_pid ... ok
test lease_releases_on_guard_drop ... ok

test result: ok. 6 passed; 0 failed; 0 ignored; 0 measured; 0 filtered out; finished in 0.14s

     Running tests/constitution_g1_2_persistence_evidence_binding.rs (target/debug/deps/constitution_g1_2_persistence_evidence_binding-b66812f14347e029)

running 6 tests
test binding_detects_autopsy_capsule_monotonicity_violation ... ok
test binding_detects_balance_reset_between_tasks ... ok
test binding_emits_clean_negative_on_empty_batch ... ok
test binding_model_identity_witnessed_when_manifest_carries_model ... ok
test binding_n_witnessed_at_least_one_for_real_two_task_batch ... ok
test binding_witnesses_balance_mutation_in_two_task_synthetic_batch ... ok

test result: ok. 6 passed; 0 failed; 0 ignored; 0 measured; 0 filtered out; finished in 0.24s

     Running tests/constitution_g1_2_resume_preflight.rs (target/debug/deps/constitution_g1_2_resume_preflight-205769301064c197)

running 11 tests
test preflight_accepts_valid_chain ... ok
test preflight_rejects_chain_length_mismatch ... ok
test preflight_rejects_fresh_genesis_attempt ... ok
test preflight_rejects_head_mismatch ... ok
test preflight_rejects_missing_agent_pubkeys ... ok
test preflight_rejects_missing_cas ... ok
test preflight_rejects_missing_genesis_report ... ok
test preflight_rejects_missing_pinned_pubkeys ... ok
test preflight_rejects_missing_runtime_repo ... ok
test preflight_rejects_state_root_mismatch ... ok
test preflight_rejects_task_index_gap ... ok

test result: ok. 11 passed; 0 failed; 0 ignored; 0 measured; 0 filtered out; finished in 1.08s

     Running tests/constitution_g1_resume.rs (target/debug/deps/constitution_g1_resume-df4c711b051e4ff4)

running 8 tests
test sg_g1_1_resume_on_empty_repo_equals_legacy_genesis ... ok
test sg_g1_2_resume_on_n_entry_chain_sets_next_logical_t_to_n ... ok
test sg_g1_3_resume_balances_reconstruction_matches_forward_replay ... ok
test sg_g1_4_non_empty_runtime_repo_only_fires_when_resume_false ... ok
test sg_g1_5_pinned_pubkeys_preserved_across_resume ... ok
test sg_g1_6_resume_existing_durable_fails_closed_when_manifest_absent ... ok
test sg_g1_7_resume_existing_durable_fails_closed_on_keystore_manifest_drift ... ok
test sg_g1_8_resume_existing_durable_fails_closed_on_pubkey_mismatch ... ok

test result: ok. 8 passed; 0 failed; 0 ignored; 0 measured; 0 filtered out; finished in 2.92s

     Running tests/constitution_g2_dashboard_no_trade_rows.rs (target/debug/deps/constitution_g2_dashboard_no_trade_rows-bfaa2ba8e6130d44)

running 5 tests
test sg_g2_4_a_total_traces_outcomes_and_ratio_rendered ... ok
test sg_g2_4_b_exhaustive_thirteen_row_breakdown_present ... ok
test sg_g2_4_c_empty_batch_render_safety ... ok
test sg_g2_4_d_ratio_is_integer_percent_no_f64 ... ok
test sg_g2_4_e_audit_dashboard_uses_library_helper ... ok

test result: ok. 5 passed; 0 failed; 0 ignored; 0 measured; 0 filtered out; finished in 0.18s

     Running tests/constitution_g2_failed_invest_l4e.rs (target/debug/deps/constitution_g2_failed_invest_l4e-c91418b2dc7c26bc)

running 4 tests
test sg_g2_5_a_insufficient_balance_lands_in_l4e ... ok
test sg_g2_5_b_pool_not_active_lands_in_l4e ... ok
test sg_g2_5_c_adapter_classifier_writes_no_trade_trace_to_cas ... ok
test sg_g2_5_d_failed_invest_both_l4e_and_cas_trace ... ok

test result: ok. 4 passed; 0 failed; 0 ignored; 0 measured; 0 filtered out; finished in 0.23s

     Running tests/constitution_g2_no_trade_reason_taxonomy.rs (target/debug/deps/constitution_g2_no_trade_reason_taxonomy-fa66ecec7cda04f7)

running 7 tests
test sg_g2_1_source_grep_covers_each_variant ... ok
test sg_g2_2_no_trade_reason_all_is_13_variants ... ok
test sg_g2_3_label_round_trip_unique ... ok
test sg_g2_4_amount_exceeds_balance_carries_insufficient_balance_doc_alias ... ok
test sg_g2_4_architect_directive_verbatim_labels_present ... ok
test sg_g2_5_invest_route_error_mapping_total ... ok
test sg_g2_6_trace_or_tx_invariant_every_variant_buildable ... ok

test result: ok. 7 passed; 0 failed; 0 ignored; 0 measured; 0 filtered out; finished in 0.00s

     Running tests/constitution_g2p_peer_verify_coverage.rs (target/debug/deps/constitution_g2p_peer_verify_coverage-4367cfa4852f014a)

running 8 tests
test sg_g2p_3_walker_does_not_reference_private_surfaces ... ok
test sg_g2p_3_walker_is_public_and_accepts_trait_object_writer ... ok
test sg_g2p_3_walker_output_exposes_per_agent_peer_verify_count ... ok
test sg_g2p_4_audit_dashboard_wires_peer_verify_coverage_walker ... ok
test sg_g2p_4_fixture_renders_coverage_pct_line_and_per_agent_rows ... ok
test sg_g2p_5_empty_chain_still_renders_explicit_bottleneck ... ok
test sg_g2p_5_positive_non_solver_count_omits_bottleneck ... ok
test sg_g2p_5_zero_non_solver_emits_bottleneck_with_three_candidate_causes ... ok

test result: ok. 8 passed; 0 failed; 0 ignored; 0 measured; 0 filtered out; finished in 0.02s

     Running tests/constitution_g2p_pending_peer_reviews.rs (target/debug/deps/constitution_g2p_pending_peer_reviews-749f95fc23261056)

running 6 tests
test sg_g2p_1_renderer_does_not_reference_private_surfaces ... ok
test sg_g2p_1_renderer_reads_only_public_chain_indices ... ok
test sg_g2p_1_renderer_takes_per_viewer_id ... ok
test sg_g2p_2_fixture_filters_self_work_tx_and_already_verified_targets ... ok
test sg_g2p_2_fixture_renders_peer_work_tx_pending_review_row ... ok
test sg_g2p_2_prompt_builder_and_evaluator_wire_the_block ... ok

test result: ok. 6 passed; 0 failed; 0 ignored; 0 measured; 0 filtered out; finished in 0.00s

     Running tests/constitution_g2p_verify_reward_bond_return.rs (target/debug/deps/constitution_g2p_verify_reward_bond_return-0268f934804c0ed6)

running 3 tests
test sg_g2p_6_obs_file_present_with_forward_closure_section ... ok
test sg_g2p_6_reputations_t_mutation_resolved_in_verify_arm ... ok
test sg_g2p_6_verify_tx_arm_preserves_tb_n1_a4_admission_contract ... ok

test result: ok. 3 passed; 0 failed; 0 ignored; 0 measured; 0 filtered out; finished in 0.03s

     Running tests/constitution_g3_bankruptcy_risk_cap.rs (target/debug/deps/constitution_g3_bankruptcy_risk_cap-28e871279b8fdffc)

running 33 tests
test arch_71_audit_dashboard_wires_risk_cap_impact_report ... ok
test arch_71_default_report_is_empty ... ok
test arch_71_risk_cap_impact_report_module_present ... ok
test arch_71_risk_cap_impact_report_predicates_work ... ok
test arch_71_tx_kind_label_covers_4_admission_arms ... ok
test arch_72_compute_agent_pnl_does_not_require_cap_pass ... ok
test arch_72_risk_cap_in_admission_only_not_in_predicate_or_read_path ... ok
test arch_73_autopsy_capsule_marked_audit_only_privacy ... ok
test arch_74_sybil_guard_via_step_3_5_already_in_place ... ok
test arch_75_payout_breakdown_bounded_invariant_rejects_overpay ... ok
test arch_75_payout_breakdown_default_shape_correct ... ok
test sg_g3_10_a_worktx_admission_arm_has_risk_cap_precondition ... ok
test sg_g3_10_b_verifytx_admission_arm_has_risk_cap_precondition ... ok
test sg_g3_10_c_challengetx_admission_arm_has_risk_cap_precondition ... ok
test sg_g3_10_d_buyrouter_admission_arm_has_risk_cap_precondition ... ok
test sg_g3_12_public_summary_token_present_and_short ... ok
test sg_g3_12_transition_error_display_under_64_bytes ... ok
test sg_g3_4_apply_one_stage_3_5b_writes_g3_2_autopsy_to_cas ... ok
test sg_g3_4_terminal_summary_autopsy_derive_helper_present ... ok
test sg_g3_4_terminal_summary_dispatch_emits_capsules ... ok
test sg_g3_b_no_new_economic_state_table ... ok
test sg_g3_b_risk_cap_threshold_matches_g3_1_near_insolvent ... ok
test sg_g3_b_unknown_agent_cap_is_zero_fail_closed ... ok
test sg_g3_x_a_reputation_plus_one_in_verifytx_arm ... ok
test sg_g3_x_a_uniform_plus_one_not_verdict_weighted ... ok
test sg_g3_x_b_bond_return_in_finalize_reward ... ok
test sg_g3_x_b_no_new_bond_return_tx_variant ... ok
test sg_g3_x_c_rejection_class_bankruptcy_variant_present ... ok
test sg_g3_x_c_rejection_class_for_maps_to_policy_violation ... ok
test sg_g3_x_c_rejection_class_tail_append_after_verify_duplicate ... ok
test ship_gate_fixture_bankrupt_agent_below_cap_emits_autopsy_capsule ... ok
test ship_gate_fixture_multi_agent_mixed_solvency ... ok
test ship_gate_fixture_solvent_agent_above_cap_emits_no_autopsy ... ok

test result: ok. 33 passed; 0 failed; 0 ignored; 0 measured; 0 filtered out; finished in 0.03s

     Running tests/constitution_g3_pnl.rs (target/debug/deps/constitution_g3_pnl-d812196678a0894b)

running 12 tests
test sg_g3_1_genesis_at_preseed_baseline_yields_zero_pnl ... ok
test sg_g3_2_post_buy_router_cash_drops_and_unrealized_updates ... ok
test sg_g3_3_scenario_a_empty_genesis ... ok
test sg_g3_3_scenario_b_balanced_mint_no_pool ... ok
test sg_g3_3_scenario_c_balanced_mint_with_skewed_pool ... ok
test sg_g3_3_scenario_d_asymmetric_mint_with_active_pool ... ok
test sg_g3_3_scenario_e_post_resolve_pool_zero_unrealized ... ok
test sg_g3_9_a_solvency_three_tier_source_grep ... ok
test sg_g3_9_b_canonical_state_index_reads_source_grep ... ok
test sg_g3_9_c_no_f64_in_money_path ... ok
test sg_g3_9_d_stakes_and_claims_visible_in_open_positions ... ok
test sg_g3_9_source_grep_seven_field_shape ... ok

test result: ok. 12 passed; 0 failed; 0 ignored; 0 measured; 0 filtered out; finished in 0.00s

     Running tests/constitution_g3_pnl_trajectory_evidence_binding.rs (target/debug/deps/constitution_g3_pnl_trajectory_evidence_binding-3bb3732fb941185c)

running 6 tests
test sg_g1_7_bind_missing_evidence_dir_returns_typed_error ... ok
test sg_g3_8_a_synthetic_fixture_emits_non_flat_row ... ok
test sg_g3_8_b_empty_fixture_triggers_mechanism_bottleneck ... ok
test sg_g3_8_c_render_has_g_header_and_13_preseed_rows ... ok
test sg_g3_8_d_render_is_integer_only ... ok
test sg_g3_8_e_solvency_tiers_visible_in_render ... ok

test result: ok. 6 passed; 0 failed; 0 ignored; 0 measured; 0 filtered out; finished in 0.00s

     Running tests/constitution_g3_your_position_prompt.rs (target/debug/deps/constitution_g3_your_position_prompt-8dd6ae538a6b7b47)

running 7 tests
test sg_g3_13_a_no_other_agent_leak ... ok
test sg_g3_13_b_build_agent_prompt_signature_has_10th_param ... ok
test sg_g3_13_d_full_prompt_carries_your_position_block ... ok
test sg_g3_13_drucker_verbatim_framing ... ok
test sg_g3_13_e_empty_your_position_suppresses_block ... ok
test sg_g3_6_per_viewer_source_grep ... ok
test sg_g3_7_non_default_render_witnessed ... ok

test result: ok. 7 passed; 0 failed; 0 ignored; 0 measured; 0 filtered out; finished in 0.00s

     Running tests/constitution_g4_multi_llm.rs (target/debug/deps/constitution_g4_multi_llm-401cefded6c7fc2b)

running 6 tests
test g4_2_ratification_original_text_is_archived_locally ... ok
test g4_batch_script_records_model_identity_inputs ... ok
test genesis_report_contains_sorted_agent_model_assignment ... ok
test historical_genesis_report_without_model_assignment_is_grandfathered ... ok
test model_assignment_manifest_records_resolver_provenance_without_secrets ... ok
test model_family_inference_supports_minimal_three_family_smoke ... ok

test result: ok. 6 passed; 0 failed; 0 ignored; 0 measured; 0 filtered out; finished in 0.00s

     Running tests/constitution_g4_no_hidden_model_switch.rs (target/debug/deps/constitution_g4_no_hidden_model_switch-82d9fc980db79afb)

running 5 tests
test actual_vs_genesis_mismatch_blocks_as_hidden_switch ... ok
test audit_tape_assertion_battery_blocks_hidden_model_switch ... ok
test historical_attempt_telemetry_v1_bytes_still_decode ... ok
test matching_actual_model_identity_proceeds ... ok
test missing_actual_attempt_model_identity_blocks ... ok

test result: ok. 5 passed; 0 failed; 0 ignored; 0 measured; 0 filtered out; finished in 0.00s

     Running tests/constitution_g5_action_menu.rs (target/debug/deps/constitution_g5_action_menu-29a304b4829f992d)

running 3 tests
test sg_g5_7_prompt_renders_seven_action_menu ... ok
test sg_g5_8_parser_accepts_new_g5_actions_without_schema_repair ... ok
test sg_g5_9_abstain_schema_does_not_require_payload_or_amount ... ok

test result: ok. 3 passed; 0 failed; 0 ignored; 0 measured; 0 filtered out; finished in 0.00s

     Running tests/constitution_g5_role_classifier.rs (target/debug/deps/constitution_g5_role_classifier-c4cd786041ce6e2c)

running 2 tests
test sg_g5_4_role_classifier_derives_roles_from_public_activity_counts ... ok
test sg_g5_5_single_role_report_includes_mechanism_bottleneck ... ok

test result: ok. 2 passed; 0 failed; 0 ignored; 0 measured; 0 filtered out; finished in 0.00s

     Running tests/constitution_g5_scheduler.rs (target/debug/deps/constitution_g5_scheduler-04e4274eeeeabf7a)

running 3 tests
test sg_g5_1_default_round_robin_back_compat ... ok
test sg_g5_2_scheduler_can_return_abstain_for_empty_agent_set ... ok
test sg_g5_3_observe_only_mode_does_not_override_selected_agent ... ok

test result: ok. 3 passed; 0 failed; 0 ignored; 0 measured; 0 filtered out; finished in 0.00s

     Running tests/constitution_g6_observe_only.rs (target/debug/deps/constitution_g6_observe_only-53c2b9852bf248b9)

running 6 tests
test sg_6d_1_and_6d_2_scheduler_trace_carries_price_and_pnl_observe_only ... ok
test sg_6d_1_scheduler_trace_is_chain_backed_cas_evidence ... ok
test sg_6d_3_and_6d_4_scheduler_does_not_touch_admission_or_predicates ... ok
test sg_6d_5_dashboard_scheduler_section_is_non_binding_materialized_view ... ok
test sg_g6_1_market_context_renders_trace_hints_as_observe_only_signal ... ok
test sg_g6_4_predicates_do_not_read_market_price_or_trace ... ok

test result: ok. 6 passed; 0 failed; 0 ignored; 0 measured; 0 filtered out; finished in 0.03s

     Running tests/constitution_g6_unresolved_challenged_not_safe.rs (target/debug/deps/constitution_g6_unresolved_challenged_not_safe-ae50a119ec245466)

running 2 tests
test sg_g6_5_open_challenge_target_is_filtered_from_top_k ... ok
test sg_g6_6_resolved_challenge_target_can_reappear_as_signal ... ok

test result: ok. 2 passed; 0 failed; 0 ignored; 0 measured; 0 filtered out; finished in 0.00s

     Running tests/constitution_g7_structural_smoke.rs (target/debug/deps/constitution_g7_structural_smoke-cbe6f5695c23c56e)

running 6 tests
test sg_7_dashboard_safety_flags_are_not_hardcoded ... ok
test sg_7_new_structural_minimum_requires_v3_pressure_shape ... ok
test sg_7_rejects_forced_live_investment_and_missing_buy_no ... ok
test sg_g7_clean_negative_passes_without_market_action_when_explained ... ok
test sg_g7_minimum_tier_passes_with_market_visible_action ... ok
test sg_g7_missing_minimum_gate_requires_forward_stub ... ok

test result: ok. 6 passed; 0 failed; 0 ignored; 0 measured; 0 filtered out; finished in 0.00s

     Running tests/constitution_harden_validation_probe.rs (target/debug/deps/constitution_harden_validation_probe-3f8ef586d7f5f2ff)

running 2 tests
test cargo_lock_exists ... ok
test readme_exists ... ok

test result: ok. 2 passed; 0 failed; 0 ignored; 0 measured; 0 filtered out; finished in 0.00s

     Running tests/constitution_head_t_c2_multi_ref.rs (target/debug/deps/constitution_head_t_c2_multi_ref-f384c2c5f02fcc46)

running 11 tests
test sg_a3_cas_ref_rejects_generic_commit_target ... ok
test sg_a3_cas_ref_rejects_rewind_to_valid_ancestor ... ok
test sg_a3_cas_ref_symbolic_target_fails_closed ... ok
test sg_a3_cas_root_ref_advances_on_cas_write ... ok
test sg_a3_cas_root_ref_advances_via_cas_store_put ... ok
test sg_a3_l4_head_ref_advances_on_accepted_transition ... ok
test sg_a3_l4e_head_ref_advances_on_rejected_evidence ... ok
test sg_a3_no_hidden_filesystem_pointer ... ok
test sg_a3_open_repairs_c1_alias_divergence ... ok
test sg_a3_ref_name_constants_pinned ... ok
test sg_a3_replay_reconstructs_head_t_from_refs ... ok

test result: ok. 11 passed; 0 failed; 0 ignored; 0 measured; 0 filtered out; finished in 0.27s

     Running tests/constitution_head_t_witness.rs (target/debug/deps/constitution_head_t_witness-d7164d0661b1a071)

running 5 tests
test dashboard_reads_head_t_derived_state ... ok
test head_t_advances_on_l4 ... ok
test head_t_does_not_advance_on_l4e_only ... ok
test head_t_reconstructs_from_replay ... ok
test head_t_witness_has_six_canonical_fields ... ok

test result: ok. 5 passed; 0 failed; 0 ignored; 0 measured; 0 filtered out; finished in 0.00s

     Running tests/constitution_l4e_body_integrity.rs (target/debug/deps/constitution_l4e_body_integrity-6bb28822a7c9014d)

running 7 tests
test assert_51_halts_on_l4e_blob_byte_flip ... ok
test assert_51_halts_on_l4e_ref_corruption ... ok
test assert_51_pass_on_untampered_m0_p01 ... ok
test assert_51_skipped_on_pre_a3_jsonl_only_mode ... ok
test parse_and_verify_helper_passes_on_valid_m0_p01_record ... ok
test parse_and_verify_helper_rejects_garbage_bytes ... ok
test parse_and_verify_helper_rejects_tampered_field ... ok

test result: ok. 7 passed; 0 failed; 0 ignored; 0 measured; 0 filtered out; finished in 0.62s

     Running tests/constitution_librarian_digest.rs (target/debug/deps/constitution_librarian_digest-557c37b6c44b5a7f)

running 3 tests
test broadcast_epoch_rejects_future_or_out_of_window_digest ... ok
test digest_clusters_repeated_errors_and_is_deterministic ... ok
test digest_is_generic_cas_backed_and_readable ... ok

test result: ok. 3 passed; 0 failed; 0 ignored; 0 measured; 0 filtered out; finished in 0.03s

     Running tests/constitution_librarian_half_async.rs (target/debug/deps/constitution_librarian_half_async-7d5fbea4705c1b39)

running 2 tests
test barriered_async_freezes_digest_for_all_responses ... ok
test barriered_async_rejects_mismatched_or_future_digest ... ok

test result: ok. 2 passed; 0 failed; 0 ignored; 0 measured; 0 filtered out; finished in 0.00s

     Running tests/constitution_librarian_market_no_trade.rs (target/debug/deps/constitution_librarian_market_no_trade-674bb977071d1f9c)

running 8 tests
test dashboard_bcast_section_reports_market_no_trade_cluster_counts ... ok
test digest_clusters_market_decision_no_trade_reasons ... ok
test market_no_trade_librarian_path_rejects_raw_prompt_completion_cot_logs ... ok
test selector_fails_closed_on_unknown_schema_in_cas_index ... ok
test selector_promotes_market_decision_no_trade_into_market_reason_events ... ok
test selector_promotes_market_opportunity_trace_into_market_reason_events ... ok
test selector_promotes_market_review_summary_abstain_missing_into_market_reasons ... ok
test selector_skips_known_safe_non_broadcast_generic_schemas ... ok

test result: ok. 8 passed; 0 failed; 0 ignored; 0 measured; 0 filtered out; finished in 0.37s

     Running tests/constitution_librarian_no_raw_leakage.rs (target/debug/deps/constitution_librarian_no_raw_leakage-57ab3f76b6ac8d7e)

running 2 tests
test digest_crop_and_prompt_reject_forbidden_raw_material ... ok
test sanitized_digest_and_prompt_pass_no_leak_scan ... ok

test result: ok. 2 passed; 0 failed; 0 ignored; 0 measured; 0 filtered out; finished in 0.00s

     Running tests/constitution_librarian_prompt_injection.rs (target/debug/deps/constitution_librarian_prompt_injection-c7beeaa7e8f14294)

running 3 tests
test attempt_telemetry_links_to_prompt_capsule_with_librarian_read_set ... ok
test prompt_capsule_read_set_and_visible_context_bind_digest ... ok
test prompt_hash_changes_when_digest_notice_changes ... ok

test result: ok. 3 passed; 0 failed; 0 ignored; 0 measured; 0 filtered out; finished in 0.03s

     Running tests/constitution_librarian_real_evidence_binding.rs (target/debug/deps/constitution_librarian_real_evidence_binding-d30c972352586da3)

running 2 tests
test dashboard_has_librarian_materialized_view_section ... ok
test real13_status_sync_points_to_existing_clean_evidence ... ok

test result: ok. 2 passed; 0 failed; 0 ignored; 0 measured; 0 filtered out; finished in 0.00s

     Running tests/constitution_librarian_role_projector.rs (target/debug/deps/constitution_librarian_role_projector-605ba8425b77c1b8)

running 2 tests
test projector_produces_role_specific_crops ... ok
test role_crops_reference_source_digest_and_redactions ... ok

test result: ok. 2 passed; 0 failed; 0 ignored; 0 measured; 0 filtered out; finished in 0.00s

     Running tests/constitution_librarian_selector.rs (target/debug/deps/constitution_librarian_selector-b1a023497d8d55a2)

running 3 tests
test selector_does_not_copy_raw_payload_body ... ok
test selector_fails_closed_on_explicit_unknown_candidate ... ok
test selector_reads_known_typed_sidecars ... ok

test result: ok. 3 passed; 0 failed; 0 ignored; 0 measured; 0 filtered out; finished in 0.08s

     Running tests/constitution_librarian_source_scope.rs (target/debug/deps/constitution_librarian_source_scope-35067d35cb1426e5)

running 3 tests
test source_scope_rejects_global_pointer_inputs ... ok
test source_scope_requires_current_run_cas_root ... ok
test source_scope_resolves_prior_capsules_or_fails_closed ... ok

test result: ok. 3 passed; 0 failed; 0 ignored; 0 measured; 0 filtered out; finished in 0.06s

     Running tests/constitution_market_autonomy_research_envelope.rs (target/debug/deps/constitution_market_autonomy_research_envelope-2896959f64340834)

running 6 tests
test market_autonomy_research_preflight_guard_exists_and_names_envelope ... ok
test research_envelope_v2_declares_research_only_not_ship ... ok
test research_envelope_v2_forbids_clean_negative_as_completion ... ok
test research_envelope_v2_lists_allowed_and_forbidden_surfaces ... ok
test research_envelope_v2_preserves_architect_source_verbatim ... ok
test research_envelope_v2_requires_stop_proof_before_hard_stop ... ok

test result: ok. 6 passed; 0 failed; 0 ignored; 0 measured; 0 filtered out; finished in 0.00s

     Running tests/constitution_market_quarantine.rs (target/debug/deps/constitution_market_quarantine-664c1528be009e6b)

running 5 tests
test legacy_cpm_api_not_imported_by_new_market ... ok
test no_f64_in_market_modules ... ok
test self_test_comment_recognition ... ok
test self_test_f64_scan_detects_violation ... ok
test self_test_token_scan_detects_violation ... ok

test result: ok. 5 passed; 0 failed; 0 ignored; 0 measured; 0 filtered out; finished in 0.05s

     Running tests/constitution_market_seed_hardening.rs (target/debug/deps/constitution_market_seed_hardening-9baeed385122bfb1)

running 5 tests
test market_seed_conserves_total_coin ... ok
test market_seed_creates_yes_no_inventory ... ok
test market_seed_debits_provider ... ok
test market_seed_fails_insufficient_balance ... ok
test market_seed_no_ghost_liquidity ... ok

test result: ok. 5 passed; 0 failed; 0 ignored; 0 measured; 0 filtered out; finished in 0.16s

     Running tests/constitution_matrix_drift.rs (target/debug/deps/constitution_matrix_drift-1ee5a523d2ead631)

running 3 tests
test allowlist_doesnt_grow_silently ... ok
test manifest_gates_subset_of_matrix_plus_allowlist ... ok
test matrix_has_drift_gated_banner ... ok

test result: ok. 3 passed; 0 failed; 0 ignored; 0 measured; 0 filtered out; finished in 0.01s

     Running tests/constitution_n1_agent_economy_a3.rs (target/debug/deps/constitution_n1_agent_economy_a3-8959adf8190a433b)

running 5 tests
test sg_n1_a3_1_zero_stake_rejects_with_stake_insufficient ... ok
test sg_n1_a3_2_overspend_rejects_with_stake_balance_exceeded ... ok
test sg_n1_a3_3_minimum_stake_admits ... ok
test sg_n1_a3_4_prompt_aggregates_agent_decided_per_cell_stakes ... ok
test sg_n1_a3_5_real_llm_smoke_witnesses_agent_decided_non_default_stake ... ok

test result: ok. 5 passed; 0 failed; 0 ignored; 0 measured; 0 filtered out; finished in 0.20s

     Running tests/constitution_n1_agent_economy_a4.rs (target/debug/deps/constitution_n1_agent_economy_a4-46aafa65c9e548cc)

running 7 tests
test sg_n1_a4_1_zero_bond_rejects_with_bond_insufficient ... ok
test sg_n1_a4_2_overbond_rejects_with_verify_bond_out_of_bounds ... ok
test sg_n1_a4_3_phantom_target_rejects_with_verify_target_not_accepted ... ok
test sg_n1_a4_4_duplicate_verify_rejects_with_verify_duplicate ... ok
test sg_n1_a4_5_first_valid_verify_admits ... ok
test sg_n1_a4_6_real_llm_swarm_smoke_witnesses_admission_health ... ok
test sg_n1_a4_7_verify_peer_advertised_and_dispatched ... ok

test result: ok. 7 passed; 0 failed; 0 ignored; 0 measured; 0 filtered out; finished in 0.38s

     Running tests/constitution_n2_event_resolve.rs (target/debug/deps/constitution_n2_event_resolve-44e5837322e63ca6)

running 9 tests
test sg_n2_b2_1_agent_ingress_rejects_event_resolve_pre_queue ... ok
test sg_n2_b2_2_event_resolve_flips_state_open_to_finalized ... ok
test sg_n2_b2_3_re_emit_on_finalized_rejects_with_event_already_resolved ... ok
test sg_n2_b2_4_emit_on_bankrupt_market_rejects ... ok
test sg_n2_b2_5_emit_on_unknown_task_returns_event_resolve_task_not_found ... ok
test sg_n2_b2_6_pure_status_mutation_no_money_movement ... ok
test sg_n2_b2_7_post_resolution_state_makes_redeem_reachable ... ok
test sg_n2_b2_8_adapter_helper_and_evaluator_hook_present ... ok
test sg_n2_b2_9_adapter_polls_claim_finalized_before_emit_r2 ... ok

test result: ok. 9 passed; 0 failed; 0 ignored; 0 measured; 0 filtered out; finished in 0.35s

     Running tests/constitution_no_evidence_drift_in_tests.rs (target/debug/deps/constitution_no_evidence_drift_in_tests-033abc599fdc49e9)

running 2 tests
test every_test_writing_to_committed_evidence_must_be_env_gated ... ok
test the_three_2026_05_07_fixed_tests_retain_env_gate ... ok

test result: ok. 2 passed; 0 failed; 0 ignored; 0 measured; 0 filtered out; finished in 0.02s

     Running tests/constitution_no_parallel_ledger.rs (target/debug/deps/constitution_no_parallel_ledger-6f90dbddbba7ee15)

running 5 tests
test markov_capsules_dir_has_no_global_latest_marker ... ok
test no_global_markov_pointer ... ok
test no_global_pointer_files_introduced ... ok
test no_parallel_ledger_source_of_truth ... ok
test no_shadow_tape_authoritative_parent ... ok

test result: ok. 5 passed; 0 failed; 0 ignored; 0 measured; 0 filtered out; finished in 0.26s

     Running tests/constitution_obl005_final_closure_witness.rs (target/debug/deps/constitution_obl005_final_closure_witness-cb741ab1c253155f)

running 7 tests
test all_five_manifest_fields_are_final_closure_verified ... ok
test dev_only_and_historical_script_groups_do_not_count_for_closure ... ok
test global_obligation_completion_is_validly_claimed ... ok
test no_legacy_quarantined_group_may_coexist_with_final_closure ... ok
test obl005_is_satisfied_and_obl001_is_satisfied ... ok
test reconciliation_manifest_has_final_closure_claimed_and_no_evidence_rewrite ... ok
test witness_file_exists_and_contains_required_verdict ... ok

test result: ok. 7 passed; 0 failed; 0 ignored; 0 measured; 0 filtered out; finished in 0.03s

     Running tests/constitution_obligation_repair_reconciliation.rs (target/debug/deps/constitution_obligation_repair_reconciliation-d1233f0e94e9dc1f)

running 3 tests
test obl004_ledger_is_closed_by_current_reconciliation ... ok
test obl004_reconciliation_audit_is_current_not_backfilled ... ok
test obl005_no_longer_names_obl004_placeholders_as_blockers ... ok

test result: ok. 3 passed; 0 failed; 0 ignored; 0 measured; 0 filtered out; finished in 0.00s

     Running tests/constitution_pcp_corpus.rs (target/debug/deps/constitution_pcp_corpus-8f6b3c64d9aa0873)

running 7 tests
test pcp_corpus_fixtures_present ... ok
test pcp_corpus_manifest_is_parseable_and_complete ... ok
test pcp_invalid_never_l4 ... ok
test pcp_invalid_routes_l4e_or_capsule ... ok
test pcp_mutated_invalid_fails ... ok
test pcp_sorry_blocked ... ok
test pcp_valid_passes ... ok

test result: ok. 7 passed; 0 failed; 0 ignored; 0 measured; 0 filtered out; finished in 0.17s

     Running tests/constitution_pcp_corpus_phase2.rs (target/debug/deps/constitution_pcp_corpus_phase2-9eaf4f68f1deb916)

running 8 tests
test pcp_corpus_phase2_covers_all_9_g_012_classes ... ok
test pcp_corpus_phase2_every_entry_has_required_fields ... ok
test pcp_corpus_phase2_every_fixture_file_present ... ok
test pcp_corpus_phase2_every_fixture_is_minif2f_derived ... ok
test pcp_corpus_phase2_manifest_is_parseable_and_has_9_classes ... ok
test pcp_corpus_phase2_only_valid_routes_to_l4_accepted ... ok
test pcp_corpus_phase2_predecessor_phase1_still_present ... ok
test pcp_corpus_phase2_rejection_class_u8_consistent ... ok

test result: ok. 8 passed; 0 failed; 0 ignored; 0 measured; 0 filtered out; finished in 0.01s

     Running tests/constitution_policy_trader_trace.rs (target/debug/deps/constitution_policy_trader_trace-55ea79422b304c51)

running 5 tests
test constitution_real13_policy_trader_compares_llm_ev ... ok
test constitution_real13_policy_trader_counterfactual_not_e2 ... ok
test constitution_real13_policy_trader_dashboard_report ... ok
test constitution_real13_policy_trader_integer_only ... ok
test constitution_real13_policy_trader_trace ... ok

test result: ok. 5 passed; 0 failed; 0 ignored; 0 measured; 0 filtered out; finished in 0.00s

     Running tests/constitution_polymarket_event_state_gate.rs (target/debug/deps/constitution_polymarket_event_state_gate-c407ee6421e834d4)

running 10 tests
test pool_create_rejected_against_bankrupt_event ... ok
test pool_create_rejected_against_finalized_event ... ok
test pool_create_rejected_against_missing_event_entry ... ok
test pool_swap_router_all_succeed_against_open_event ... ok
test router_rejected_against_bankrupt_event ... ok
test router_rejected_against_finalized_event ... ok
test router_rejected_against_missing_event_entry ... ok
test swap_rejected_against_bankrupt_event ... ok
test swap_rejected_against_finalized_event ... ok
test swap_rejected_against_missing_event_entry ... ok

test result: ok. 10 passed; 0 failed; 0 ignored; 0 measured; 0 filtered out; finished in 0.65s

     Running tests/constitution_polymarket_smoke.rs (target/debug/deps/constitution_polymarket_smoke-223dc0f53bae0642)

running 7 tests
test extreme_forced_router_sequence_near_depletion_preserves_invariants ... ok
test forced_router_holdings_redeem_on_yes_and_no_resolution ... ok
test polymarket_controlled_market_smoke ... ok
test red_track_forced_bull_bear_router_sequence_preserves_polymarket_invariants ... ok
test router_rejection_paths_preserve_state_and_report_specific_errors ... ok
test settlement_partial_redeems_preserve_conservation_until_position_empty ... ok
test settlement_rejects_wrong_side_and_double_redeem_without_state_mutation ... ok

test result: ok. 7 passed; 0 failed; 0 ignored; 0 measured; 0 filtered out; finished in 1.14s

     Running tests/constitution_predicate_binding_activation.rs (target/debug/deps/constitution_predicate_binding_activation-c09cd1f2e9363d2e)

running 4 tests
test activation_is_single_use ... ok
test agent_ingress_rejects_predicate_binding_activate_tx ... ok
test emit_rejects_missing_registry_snapshot ... ok
test emit_rejects_registry_snapshot_with_lied_root ... ok

test result: ok. 4 passed; 0 failed; 0 ignored; 0 measured; 0 filtered out; finished in 0.12s

     Running tests/constitution_predicate_gate.rs (target/debug/deps/constitution_predicate_gate-062230779363acb3)

running 5 tests
test lean_verified_required_for_verified_worktx ... ok
test predicate_failure_cannot_enter_l4 ... ok
test predicate_pass_required_for_l4 ... ok
test predicate_result_is_binary ... ok
test price_never_overrides_predicate ... ok

test result: ok. 5 passed; 0 failed; 0 ignored; 0 measured; 0 filtered out; finished in 0.13s

     Running tests/constitution_predicate_registry_binding.rs (target/debug/deps/constitution_predicate_registry_binding-f37160b763f95d88)

running 3 tests
test forged_value_true_is_rejected_when_registry_predicate_recomputes_false ... ok
test predicate_binding_activation_records_snapshot_root_on_l4_payload ... ok
test registry_pass_stamp_with_true_value_enters_l4 ... ok

test result: ok. 3 passed; 0 failed; 0 ignored; 0 measured; 0 filtered out; finished in 0.13s

     Running tests/constitution_predicate_registry_immutability.rs (target/debug/deps/constitution_predicate_registry_immutability-dca887105ea57d80)

running 3 tests
test predicate_registry_mutation_surface_is_crate_private ... ok
test production_replay_paths_use_shared_registry_loader ... ok
test sequencer_consumes_registry_by_shared_reference_not_mutable_reference ... ok

test result: ok. 3 passed; 0 failed; 0 ignored; 0 measured; 0 filtered out; finished in 0.00s

     Running tests/constitution_predicate_registry_replay.rs (target/debug/deps/constitution_predicate_registry_replay-13dbc04340431588)

running 2 tests
test legacy_replay_without_predicate_cas_cannot_reconstruct_activation ... ok
test replay_reconstructs_activation_with_predicate_cas_view ... ok

test result: ok. 2 passed; 0 failed; 0 ignored; 0 measured; 0 filtered out; finished in 0.09s

     Running tests/constitution_predicate_result_wire_freeze.rs (target/debug/deps/constitution_predicate_result_wire_freeze-6b02b589fcf5e1ba)

running 2 tests
test bool_with_proof_wire_shape_remains_value_and_proof_cid_only ... ok
test predicate_results_bundle_keeps_btreemap_and_safety_class_shape ... ok

test result: ok. 2 passed; 0 failed; 0 ignored; 0 measured; 0 filtered out; finished in 0.00s

     Running tests/constitution_production_module_liveness.rs (target/debug/deps/constitution_production_module_liveness-9bb42f94a433fbf7)

running 12 tests
test candidate_groups_have_real_world_chaintape_or_cas_evidence ... ok
test design_system_code_is_accounted_for_when_present ... ok
test every_exported_module_has_exactly_one_liveness_group ... ok
test every_src_rust_file_is_reachable_from_a_crate_or_binary_root ... ok
test final_closure_cannot_be_claimed_while_quarantine_remains ... ok
test frontend_product_code_is_accounted_for_when_present ... ok
test legacy_shadow_tape_group_is_split_from_active_tdma_ledger ... ok
test liveness_group_ids_are_unique ... ok
test liveness_manifest_policy_is_real_world_first ... ok
test product_and_legacy_rows_cannot_be_flowchart_authority ... ok
test registered_real_world_suites_exist_and_are_not_smoke_labels ... ok
test restricted_surfaces_are_classified_high_risk ... ok

test result: ok. 12 passed; 0 failed; 0 ignored; 0 measured; 0 filtered out; finished in 0.18s

     Running tests/constitution_prompt_capsule.rs (target/debug/deps/constitution_prompt_capsule-28e596bd9544dac8)

running 9 tests
test prompt_capsule_agent_view_manifest_links_model_assignment_without_raw_prompt ... ok
test prompt_capsule_created_for_attempt ... ok
test prompt_capsule_hash_stable ... ok
test prompt_capsule_object_type_is_distinct ... ok
test prompt_capsule_redacts_hidden_fields ... ok
test prompt_capsule_referenced_by_attempt_telemetry ... ok
test prompt_capsule_schema_id_is_pinned ... ok
test prompt_capsule_struct_field_count_is_exactly_seven ... ok
test verbatim_prompt_not_public_by_default ... ok

test result: ok. 9 passed; 0 failed; 0 ignored; 0 measured; 0 filtered out; finished in 0.03s

     Running tests/constitution_real10_emergence_metrics.rs (target/debug/deps/constitution_real10_emergence_metrics-a78762ded41da9d9)

running 4 tests
test real10_emergence_metrics_define_e1_e2_e3_e4 ... ok
test real10_emergence_metrics_forbid_scripted_e2_label_only_e3_small_n_e4 ... ok
test real10_execution_plan_preserves_live_real6b_deferral_packet ... ok
test real10_narrow_ratification_records_real8_numbers_and_nonclaims ... ok

test result: ok. 4 passed; 0 failed; 0 ignored; 0 measured; 0 filtered out; finished in 0.00s

     Running tests/constitution_real10_trace_cleanup.rs (target/debug/deps/constitution_real10_trace_cleanup-1397cbffe5933eb1)

running 6 tests
test real10_pub_const_fn_parser_ambiguity_is_explicit ... ok
test real10_r022_skipped_surfaces_have_trace_matrix_j_rows ... ok
test real10_trace_cleanup_justification_file_exists ... ok
test real10_trace_cleanup_report_records_one_time_exception_not_waiver ... ok
test real10_trace_cleanup_rows_use_checker_compatible_symbols ... ok
test real10_trace_removals_are_closed_audit_trail_not_open_surfaces ... ok

test result: ok. 6 passed; 0 failed; 0 ignored; 0 measured; 0 filtered out; finished in 0.01s

     Running tests/constitution_real11_claim_boundary.rs (target/debug/deps/constitution_real11_claim_boundary-585457c889c8deb0)

running 1 test
test real11_launch_and_beta_forbidden_claims_are_absent_or_explicitly_forbidden ... ok

test result: ok. 1 passed; 0 failed; 0 ignored; 0 measured; 0 filtered out; finished in 0.00s

     Running tests/constitution_real11_e2_micro_probe.rs (target/debug/deps/constitution_real11_e2_micro_probe-e90d941255f7dd65)

running 2 tests
test real11_e2_micro_probe_report_uses_allowed_e2_verdict_rule ... ok
test real11_e2_micro_probe_runner_has_required_constraints_and_outputs ... ok

test result: ok. 2 passed; 0 failed; 0 ignored; 0 measured; 0 filtered out; finished in 0.00s

     Running tests/constitution_real11_evidence_hygiene.rs (target/debug/deps/constitution_real11_evidence_hygiene-ed63eaf1cb3b58fa)

running 3 tests
test contaminated_evidence_appears_only_in_invalid_or_remediation_context ... ok
test real10_ratification_marks_clean_evidence_as_only_conclusion_bearing ... ok
test stale_parent_behavioral_gate_is_present ... ok

test result: ok. 3 passed; 0 failed; 0 ignored; 0 measured; 0 filtered out; finished in 0.00s

     Running tests/constitution_real11_market_opportunity_trace.rs (target/debug/deps/constitution_real11_market_opportunity_trace-68fffe9fd4df0b74)

running 6 tests
test every_trader_turn_has_exactly_one_market_opportunity_trace ... ok
test prompt_budget_elision_is_specific_prompt_budget_reason ... ok
test trace_serialization_contains_no_raw_prompt_completion_cot_or_logs ... ok
test trader_turn_with_active_pool_and_balance_has_actionable_market ... ok
test trader_turn_with_no_pool_is_specific_no_pool_not_unknown ... ok
test trader_turn_with_pool_but_zero_balance_is_specific_balance_reason ... ok

test result: ok. 6 passed; 0 failed; 0 ignored; 0 measured; 0 filtered out; finished in 0.00s

     Running tests/constitution_real11_market_tx_category.rs (target/debug/deps/constitution_real11_market_tx_category-bb1d40b50283742c)

running 4 tests
test audit_dashboard_renders_real11_market_tx_category_split ... ok
test market_tx_classifier_separates_structural_resolution_scripted_and_live_agent_action ... ok
test real10_rerender_keeps_agent_economic_action_zero_and_excludes_scripted_from_e2 ... ok
test real11_market_tx_category_report_contains_split_columns_and_no_e2_overclaim ... ok

test result: ok. 4 passed; 0 failed; 0 ignored; 0 measured; 0 filtered out; finished in 0.00s

     Running tests/constitution_real11_matrix_update.rs (target/debug/deps/constitution_real11_matrix_update-e0f2b49b7c71a519)

running 3 tests
test constitution_execution_matrix_tracks_real11_boundary ... ok
test real11_decision_gate_records_b_c_diagnostic_clean_negative ... ok
test real11_traceability_update_maps_fc_and_kill_conditions ... ok

test result: ok. 3 passed; 0 failed; 0 ignored; 0 measured; 0 filtered out; finished in 0.00s

     Running tests/constitution_real11_no_live_real6b.rs (target/debug/deps/constitution_real11_no_live_real6b-73e0833671914c4d)

running 2 tests
test real11_micro_probe_report_forbids_live_real6b_approval ... ok
test real11_micro_probe_runner_rejects_live_real6b_and_scripted_attempt_prediction ... ok

test result: ok. 2 passed; 0 failed; 0 ignored; 0 measured; 0 filtered out; finished in 0.00s

     Running tests/constitution_real11_router_positive_control.rs (target/debug/deps/constitution_real11_router_positive_control-1fd528d429cca41a)

running 6 tests
test runner_and_report_contract_make_evidence_mandatory_and_not_e2 ... ok
test sg_11_2_1_scripted_buy_yes_router_enters_l4_and_updates_pnl ... ok
test sg_11_2_2_scripted_buy_no_short_equivalent_has_explicit_l4_route ... ok
test sg_11_2_3_insufficient_balance_is_preclassified_and_lands_l4e ... ok
test sg_11_2_4_missing_pool_is_no_pool_and_lands_l4e ... ok
test sg_11_2_7_router_money_path_has_no_executable_float_arithmetic ... ok

test result: ok. 6 passed; 0 failed; 0 ignored; 0 measured; 0 filtered out; finished in 0.24s

     Running tests/constitution_real11_trader_pnl_visibility.rs (target/debug/deps/constitution_real11_trader_pnl_visibility-8ec113c13783d403)

running 4 tests
test low_balance_trader_is_blocked_from_high_risk_market_action_but_can_read ... ok
test pnl_summary_matches_compute_agent_pnl_and_uses_no_sidecar_source_of_truth ... ok
test trader_position_prompt_contains_balance_pnl_risk_and_autopsy_summary ... ok
test trader_view_does_not_include_raw_cot_logs_or_lean_stderr ... ok

test result: ok. 4 passed; 0 failed; 0 ignored; 0 measured; 0 filtered out; finished in 0.00s

     Running tests/constitution_real12_bull_bear_positive_control.rs (target/debug/deps/constitution_real12_bull_bear_positive_control-d274c4c15e9df9bb)

running 3 tests
test bull_bear_scripted_positive_control_requires_yes_and_no_l4_routes ... ok
test positive_control_runner_marks_scripted_buys_as_not_e2 ... ok
test unsupported_or_cross_side_short_paths_are_explicit_l4e_not_silent ... ok

test result: ok. 3 passed; 0 failed; 0 ignored; 0 measured; 0 filtered out; finished in 0.00s

     Running tests/constitution_real12_claim_boundary.rs (target/debug/deps/constitution_real12_claim_boundary-b2bb4a5e530385cc)

running 2 tests
test real12_plan_forbids_the_known_overclaims ... ok
test real12_real10_real11_ratification_is_narrow_and_explicit ... ok

test result: ok. 2 passed; 0 failed; 0 ignored; 0 measured; 0 filtered out; finished in 0.00s

     Running tests/constitution_real12_economic_judgment.rs (target/debug/deps/constitution_real12_economic_judgment-e824f437fdba0168)

running 5 tests
test abstain_requires_structured_reason_and_no_private_cot ... ok
test bull_bear_role_turns_must_link_to_cas_backed_economic_judgments ... ok
test buy_or_short_requires_positive_integer_ev_basis_and_role_side_match ... ok
test economic_judgment_schema_is_pinned_and_generic_cas_backed ... ok
test economic_judgment_summary_is_derived_from_cas_objects_not_stdout ... ok

test result: ok. 5 passed; 0 failed; 0 ignored; 0 measured; 0 filtered out; finished in 0.13s

     Running tests/constitution_real12_live_micro_probe.rs (target/debug/deps/constitution_real12_live_micro_probe-29abeb48201e38dc)

running 2 tests
test real12_live_micro_probe_records_required_bull_bear_metrics ... ok
test real12_live_micro_probe_runner_uses_bull_bear_roles_and_no_scripted_buys ... ok

test result: ok. 2 passed; 0 failed; 0 ignored; 0 measured; 0 filtered out; finished in 0.00s

     Running tests/constitution_real12_role_specialization.rs (target/debug/deps/constitution_real12_role_specialization-506d2c84cadae740)

running 3 tests
test bull_and_bear_direction_gates_allow_only_their_side ... ok
test bull_and_bear_roles_are_parseable_and_have_market_only_tools ... ok
test illegal_role_actions_route_l4e_and_bid_task_never_routes_to_proof ... ok

test result: ok. 3 passed; 0 failed; 0 ignored; 0 measured; 0 filtered out; finished in 0.00s

     Running tests/constitution_real12_role_views.rs (target/debug/deps/constitution_real12_role_views-ebea700031e54110)

running 3 tests
test bull_and_bear_views_broadcast_role_specific_market_signals ... ok
test prompt_capsule_can_store_view_hash_and_read_set_inputs ... ok
test solver_view_has_limited_market_summary_and_no_raw_material ... ok

test result: ok. 3 passed; 0 failed; 0 ignored; 0 measured; 0 filtered out; finished in 0.00s

     Running tests/constitution_real12_task_market_action.rs (target/debug/deps/constitution_real12_task_market_action-fa65e014cd0fcd8f)

running 5 tests
test real12_bid_task_maps_to_trader_invest_not_abstain ... ok
test real12_bid_task_parser_remains_integer_only_and_non_forcing ... ok
test real12_probe_labels_economic_judgment_reason_distribution_without_abstain_drift ... ok
test real12_task_market_probe_runner_records_bid_task_attempts_without_forcing_trade ... ok
test real12_task_market_prompt_affordance_is_opt_in_and_not_forced ... ok

test result: ok. 5 passed; 0 failed; 0 ignored; 0 measured; 0 filtered out; finished in 0.00s

     Running tests/constitution_real13a_display_coin.rs (target/debug/deps/constitution_real13a_display_coin-1eb54c93820bc961)

running 3 tests
test display_coin_parser_fails_closed_on_overflow ... ok
test display_coin_parser_rejects_floaty_or_ambiguous_forms ... ok
test display_coin_parser_uses_fixed_scale_integer_micro_units ... ok

test result: ok. 3 passed; 0 failed; 0 ignored; 0 measured; 0 filtered out; finished in 0.00s

     Running tests/constitution_real13a_ev_decision_trace.rs (target/debug/deps/constitution_real13a_ev_decision_trace-28b5d1e96adfcf00)

running 15 tests
test dashboard_reports_public_ev_basis_delivery_metrics ... ok
test ev_decision_trace_enforces_role_side_and_abstain_reason ... ok
test ev_decision_trace_is_generic_cas_backed_and_round_trips ... ok
test ev_decision_trace_rejects_buy_with_zero_amount_or_zero_liquidity ... ok
test ev_decision_trace_rejects_out_of_range_bps_and_float_markers ... ok
test ev_decision_trace_rejects_private_or_raw_material ... ok
test ev_decision_trace_summary_is_cas_derived ... ok
test ev_decision_trace_summary_reports_public_basis_delivery ... ok
test ev_reason_taxonomy_is_exhaustive_in_summary_and_dashboard ... ok
test positive_ev_abstain_classifier_does_not_take_declared_ev_sign ... ok
test public_positive_ev_constraints_pass_rejects_missing_or_blocked_basis ... ok
test public_positive_ev_constraints_pass_requires_edge_over_threshold ... ok
test real13_runner_enables_public_ev_scaffold_by_default ... ok
test real13_runner_records_replay_config_hashes ... ok
test real13_runner_report_surfaces_ev_basis_and_policy_metrics ... ok

test result: ok. 15 passed; 0 failed; 0 ignored; 0 measured; 0 filtered out; finished in 0.16s

     Running tests/constitution_real13b_market_review_window.rs (target/debug/deps/constitution_real13b_market_review_window-8b4963a43a8442b3)

running 5 tests
test every_market_review_response_needs_ev_or_no_response_trace ... ok
test full_async_mode_is_explicitly_unsafe_only ... ok
test market_review_sidecars_are_generic_cas_backed ... ok
test market_review_summary_counts_must_match_response_cids ... ok
test sequential_market_review_window_is_default_and_deterministic ... ok

test result: ok. 5 passed; 0 failed; 0 ignored; 0 measured; 0 filtered out; finished in 0.06s

     Running tests/constitution_real13d_signal_purification.rs (target/debug/deps/constitution_real13d_signal_purification-bc13e5dbcfc51008)

running 2 tests
test e2_counts_only_voluntary_router_positions ... ok
test forced_stakes_are_not_voluntary_market_signal ... ok

test result: ok. 2 passed; 0 failed; 0 ignored; 0 measured; 0 filtered out; finished in 0.00s

     Running tests/constitution_real13h_market_pressure_probe.rs (target/debug/deps/constitution_real13h_market_pressure_probe-51d5c7094fc99169)

running 4 tests
test dashboard_counts_e2_candidate_router_actions_by_exact_submitted_trace_join ... ok
test dashboard_derives_scripted_fixture_count_from_cas_not_constant ... ok
test dashboard_marks_absent_g7_structural_guards_as_non_sentinel ... ok
test real13_probe_runner_enables_ev_review_without_live_real6b_or_scripted_buys ... ok

test result: ok. 4 passed; 0 failed; 0 ignored; 0 measured; 0 filtered out; finished in 0.00s

     Running tests/constitution_real14_e2_candidate_verifier.rs (target/debug/deps/constitution_real14_e2_candidate_verifier-5f98b4571c6c9acc)

running 11 tests
test exact_join_verifier_counts_only_l4_and_submitted_trace_intersection ... ok
test exact_join_verifier_fails_closed_on_duplicate_l4_router_tx_id ... ok
test exact_join_verifier_fails_closed_on_unknown_market_decision_schema ... ok
test exact_join_verifier_rejects_l4_market_decision_amount_mismatch ... ok
test exact_join_verifier_rejects_l4_market_decision_direction_mismatch ... ok
test exact_join_verifier_reports_direct_prompt_capsule_sidecar_linkage ... ok
test exact_join_verifier_requires_matched_tx_provenance_by_default ... ok
test exact_join_verifier_vetos_when_direct_prompt_capsule_link_required_and_missing ... ok
test real14_scripted_attempt_prediction_is_schema_sentinel_not_runtime_fixture ... ok
test real14_verifier_cli_and_dashboard_binding_are_source_separated ... ok
test verifier_markdown_does_not_label_zero_join_runs_as_candidates ... ok

test result: ok. 11 passed; 0 failed; 0 ignored; 0 measured; 0 filtered out; finished in 0.50s

     Running tests/constitution_real14g_positive_ev_ignored.rs (target/debug/deps/constitution_real14g_positive_ev_ignored-97da2ecd89c202ab)

running 6 tests
test dashboard_renders_positive_ev_ignored_action_conversion_metrics ... ok
test positive_ev_ignored_bucket_taxonomy_is_exhaustive_in_summary ... ok
test positive_ev_ignored_summary_computes_integer_action_conversion_rate ... ok
test positive_ev_ignored_summary_excludes_policy_from_e2_and_private_material ... ok
test positive_ev_ignored_summary_fails_closed_when_source_ev_is_missing ... ok
test positive_ev_ignored_summary_reconstructs_rows_from_policy_and_ev_cas ... ok

test result: ok. 6 passed; 0 failed; 0 ignored; 0 measured; 0 filtered out; finished in 0.17s

     Running tests/constitution_real15_role_differentiation.rs (target/debug/deps/constitution_real15_role_differentiation-5cba4412c66eb373)

running 6 tests
test prompt_labels_without_chain_cas_activity_do_not_satisfy_e3 ... ok
test real15_role_differentiation_cli_is_source_separated ... ok
test role_differentiation_excludes_scripted_or_policy_verifier_rows ... ok
test role_differentiation_markdown_forbids_achieved_and_ship_claims ... ok
test role_differentiation_separates_bull_and_bear_side_distributions ... ok
test role_differentiation_summary_derives_from_cas_and_exact_join_not_dashboard_text ... ok

test result: ok. 6 passed; 0 failed; 0 ignored; 0 measured; 0 filtered out; finished in 0.35s

     Running tests/constitution_real16_market_performance.rs (target/debug/deps/constitution_real16_market_performance-246407184e4dd779)

running 14 tests
test e4_candidate_detects_market_arm_behavior_improvement_with_uncertainty ... ok
test e4_candidate_rejects_dashboard_only_metrics ... ok
test e4_candidate_rejects_market_arm_e2_verifier_veto ... ok
test e4_candidate_rejects_market_tx_count_only_improvement ... ok
test e4_candidate_rejects_runtime_pput_sidecar_as_claim_source ... ok
test e4_candidate_requires_pinned_ab_hashes_and_audit_proceed ... ok
test e4_candidate_tolerates_control_arm_without_e2_candidate ... ok
test e4_markdown_is_candidate_only_and_forbids_achieved_claims ... ok
test real16_cli_is_source_separated_from_dashboard_truth ... ok
test real16_load_bearing_files_are_trust_root_pinned ... ok
test real16_runner_enables_market_opportunity_trace_for_e2_provenance ... ok
test real16_runner_forbids_unsafe_or_scripted_e4_inputs ... ok
test real16_runner_pins_market_emergence_ab_arms ... ok
test true_suite_market_ab_runner_uses_current_kernel_full_system_evidence ... ok

test result: ok. 14 passed; 0 failed; 0 ignored; 0 measured; 0 filtered out; finished in 0.00s

     Running tests/constitution_real17_evaluator_prompt_provenance_wire.rs (target/debug/deps/constitution_real17_evaluator_prompt_provenance_wire-f9950c298fe2bd76)

running 0 tests

test result: ok. 0 passed; 0 failed; 0 ignored; 0 measured; 0 filtered out; finished in 0.00s

     Running tests/constitution_real17_market_decision_provenance_link.rs (target/debug/deps/constitution_real17_market_decision_provenance_link-56dce102e67bfdd8)

running 2 tests
test market_decision_provenance_link_rejects_non_submitted_market_decision_trace ... ok
test market_decision_provenance_link_round_trips_with_generic_schema_metadata ... ok

test result: ok. 2 passed; 0 failed; 0 ignored; 0 measured; 0 filtered out; finished in 0.15s

     Running tests/constitution_real17_market_order_ticket.rs (target/debug/deps/constitution_real17_market_order_ticket-8d80c1883a841bd7)

running 2 tests
test market_order_ticket_rejects_forced_nonzero_trade_flag ... ok
test market_order_ticket_round_trips_zero_amount_voluntary_abstain ... ok

test result: ok. 2 passed; 0 failed; 0 ignored; 0 measured; 0 filtered out; finished in 0.12s

     Running tests/constitution_real5_architect_veto_scaffold.rs (target/debug/deps/constitution_real5_architect_veto_scaffold-4eccaa34cfe2543f)

running 1 test
test sg_r5_8_proposal_requires_veto_and_never_mutates_production_directly ... ok

test result: ok. 1 passed; 0 failed; 0 ignored; 0 measured; 0 filtered out; finished in 0.00s

     Running tests/constitution_real5_prompt_capsule_v2.rs (target/debug/deps/constitution_real5_prompt_capsule_v2-6fc3cd3c564e5e7a)

running 4 tests
test sg_r5_3_externalized_attempt_references_prompt_capsule_v2_cid ... ok
test sg_r5_3_prompt_capsule_role_matches_assignment ... ok
test sg_r5_3_prompt_capsule_v2_carries_role_view_and_no_raw_prompt ... ok
test sg_r5_3_prompt_capsule_v2_is_cas_anchored_and_readable ... ok

test result: ok. 4 passed; 0 failed; 0 ignored; 0 measured; 0 filtered out; finished in 0.07s

     Running tests/constitution_real5_role_assignment.rs (target/debug/deps/constitution_real5_role_assignment-6459e82059a37686)

running 3 tests
test sg_r5_0_charter_cites_fc_and_forbidden_list ... ok
test sg_r5_1_role_assignment_env_csv_is_strict_and_deterministic ... ok
test sg_r5_1_role_assignment_persists_replays_and_has_no_hidden_switch ... ok

test result: ok. 3 passed; 0 failed; 0 ignored; 0 measured; 0 filtered out; finished in 0.03s

     Running tests/constitution_real5_role_based_smoke.rs (target/debug/deps/constitution_real5_role_based_smoke-d2004e65cbe942d4)

running 3 tests
test sg_r5_9_role_based_smoke_accepts_clean_negative_without_forced_trade ... ok
test sg_r5_9_role_turn_reason_traces_reconstruct_from_cas ... ok
test sg_r5_9_runner_records_role_assignment_and_role_views ... ok

test result: ok. 3 passed; 0 failed; 0 ignored; 0 measured; 0 filtered out; finished in 0.06s

     Running tests/constitution_real5_role_scoped_view.rs (target/debug/deps/constitution_real5_role_scoped_view-e9c23e0bb879eb9d)

running 3 tests
test sg_r5_2_live_view_context_bytes_match_visible_context_cid ... ok
test sg_r5_2_no_get_all_context_string_in_role_module ... ok
test sg_r5_2_role_views_are_scoped_and_hashable ... ok

test result: ok. 3 passed; 0 failed; 0 ignored; 0 measured; 0 filtered out; finished in 0.00s

     Running tests/constitution_real5_tick_budget.rs (target/debug/deps/constitution_real5_tick_budget-9ae095172b513eb8)

running 1 test
test sg_r5_5_externalized_generation_consumes_ticks_without_coin_charge ... ok

test result: ok. 1 passed; 0 failed; 0 ignored; 0 measured; 0 filtered out; finished in 0.00s

     Running tests/constitution_real5_trader_activation.rs (target/debug/deps/constitution_real5_trader_activation-4b4aab6caa43e35c)

running 2 tests
test sg_r5_6_every_trader_turn_has_market_decision_or_no_trade_reason ... ok
test sg_r5_6_scripted_positive_edge_trader_can_produce_router_tx ... ok

test result: ok. 2 passed; 0 failed; 0 ignored; 0 measured; 0 filtered out; finished in 0.00s

     Running tests/constitution_real5_typed_generation_gateway.rs (target/debug/deps/constitution_real5_typed_generation_gateway-e7271783db162657)

running 3 tests
test sg_r5_4_legacy_proof_and_verify_tools_are_blocked_for_trader ... ok
test sg_r5_4_malformed_role_action_routes_parsefailed ... ok
test sg_r5_4_role_allowed_tools_are_enforced ... ok

test result: ok. 3 passed; 0 failed; 0 ignored; 0 measured; 0 filtered out; finished in 0.00s

     Running tests/constitution_real5_verifier_challenger.rs (target/debug/deps/constitution_real5_verifier_challenger-f9b5605743fe0ee2)

running 2 tests
test sg_r5_7_challenge_trace_and_high_price_view_exist ... ok
test sg_r5_7_verifier_fixture_and_no_verify_reason_are_tape_visible ... ok

test result: ok. 2 passed; 0 failed; 0 ignored; 0 measured; 0 filtered out; finished in 0.00s

     Running tests/constitution_real5s_scaffold_ratification.rs (target/debug/deps/constitution_real5s_scaffold_ratification-4b424319b5b1a443)

running 2 tests
test sg_5s_clean_negative_report_records_no_trade_diagnosis ... ok
test sg_5s_scaffold_ratification_report_narrows_real5_claim ... ok

test result: ok. 2 passed; 0 failed; 0 ignored; 0 measured; 0 filtered out; finished in 0.00s

     Running tests/constitution_real6_attempt_prediction_market.rs (target/debug/deps/constitution_real6_attempt_prediction_market-704ecfbed87677cd)

running 8 tests
test sg_6b_fixture_is_scripted_schema_not_live_llm_ship ... ok
test sg_6b_market_close_precedes_oracle_resolve ... ok
test sg_6b_no_ghost_liquidity ... ok
test sg_6b_no_sleep_and_k_logical_ticks_are_deterministic ... ok
test sg_6b_oracle_is_absolute_and_price_not_truth ... ok
test sg_6b_role_actions_during_window_are_tape_visible ... ok
test sg_6b_scripted_fixture_can_be_chain_backed_cas_evidence ... ok
test sg_6b_submit_candidate_strictly_precedes_market_open ... ok

test result: ok. 8 passed; 0 failed; 0 ignored; 0 measured; 0 filtered out; finished in 0.03s

     Running tests/constitution_real6_conviction_budget.rs (target/debug/deps/constitution_real6_conviction_budget-68d4da10298c30c8)

running 4 tests
test sg_6c_1_and_6c_2_conviction_budget_is_chain_derived_not_hashmap_sidecar ... ok
test sg_6c_3_prompt_sees_scoped_pnl_summary_without_other_agent_leak ... ok
test sg_6c_4_and_6c_5_low_balance_blocks_only_high_risk_actions_without_erasure ... ok
test sg_6c_6_significant_loss_generates_audit_only_autopsy_capsule ... ok

test result: ok. 4 passed; 0 failed; 0 ignored; 0 measured; 0 filtered out; finished in 0.05s

     Running tests/constitution_real6_task_outcome_market.rs (target/debug/deps/constitution_real6_task_outcome_market-1913d29fdc56ec58)

running 14 tests
test sg_6a_1_market_seed_and_pool_exist_before_first_worktx ... ok
test sg_6a_2_trader_view_contains_task_outcome_market_signal ... ok
test sg_6a_3_4_scripted_trader_buys_yes_and_no_on_task_outcome_market ... ok
test sg_6a_6_7_event_resolve_yes_and_no_paths_exist ... ok
test sg_6a_7_adapter_helper_emits_no_event_resolve_for_exhaustion ... ok
test sg_6a_8_9_no_ghost_liquidity_and_ctf_conserved ... ok
test sg_6a_event_resolve_compatibility_is_exact_dual_reader_not_error_string ... ok
test sg_6a_event_resolve_corrupt_outcome_tail_fails_closed ... ok
test sg_6a_event_resolve_legacy_b2_wire_decodes_as_yes ... ok
test sg_6a_event_resolve_outcome_is_in_signing_payload_digest ... ok
test sg_6a_event_resolve_partial_outcome_tail_fails_closed ... ok
test sg_6a_runner_clears_only_stale_cas_lock_before_post_run_audit ... ok
test sg_6a_smoke_runner_build_failure_is_fail_closed ... ok
test sg_6a_task_outcome_event_schema_is_task_open_scope ... ok

test result: ok. 14 passed; 0 failed; 0 ignored; 0 measured; 0 filtered out; finished in 0.47s

     Running tests/constitution_real8_market_ab_benchmark.rs (target/debug/deps/constitution_real8_market_ab_benchmark-767f278e710c6d0e)

running 8 tests
test real8_runner_keeps_live_real6b_gated_behind_separate_ratification ... ok
test real8_runner_keeps_negative_results_and_forbids_causal_overclaim ... ok
test real8_runner_pins_same_problem_model_and_budget_inputs ... ok
test real8_runner_preserves_architect_ab_arms ... ok
test real8_runner_preserves_forbidden_ship_claims ... ok
test real8_runner_reports_required_metrics ... ok
test real8_task_outcome_arm_refreshes_verify_parent_behaviorally ... ok
test real8x_runner_enforces_arm_diff_allowlist ... ok

test result: ok. 8 passed; 0 failed; 0 ignored; 0 measured; 0 filtered out; finished in 0.12s

     Running tests/constitution_real9_launch_synthesis.rs (target/debug/deps/constitution_real9_launch_synthesis-ba83b76103936386)

running 2 tests
test real9_market_developer_manual_preserves_lawful_market_boundary ... ok
test real9_whitepaper_update_preserves_required_architect_claims ... ok

test result: ok. 2 passed; 0 failed; 0 ignored; 0 measured; 0 filtered out; finished in 0.00s

     Running tests/constitution_realworld_liveness_coverage.rs (target/debug/deps/constitution_realworld_liveness_coverage-64dc96ee1454de30)

running 4 tests
test every_retained_candidate_group_maps_to_realworld_task ... ok
test final_evidence_shape_is_tape_cas_or_quarantine_not_stdout ... ok
test realworld_coverage_policy_requires_fresh_current_evidence ... ok
test realworld_tasks_cover_required_domains_without_smoke_labels ... ok

test result: ok. 4 passed; 0 failed; 0 ignored; 0 measured; 0 filtered out; finished in 0.02s

     Running tests/constitution_router_buy_with_coin.rs (target/debug/deps/constitution_router_buy_with_coin-9568c866bb174f48)

running 10 tests
test buy_no_with_coin_matches_symmetric_formula ... ok
test buy_yes_debits_coin_locks_collateral ... ok
test buy_yes_mints_complete_set ... ok
test buy_yes_no_f64 ... ok
test buy_yes_no_ghost_liquidity ... ok
test buy_yes_respects_min_yes_out ... ok
test buy_yes_transfers_retained_yes_plus_swap_yes ... ok
test buy_yes_with_coin_matches_formula ... ok
test router_atomic_rollback_on_failure ... ok
test router_atomic_rollback_witnessed_at_every_step ... ok

test result: ok. 10 passed; 0 failed; 0 ignored; 0 measured; 0 filtered out; finished in 1.12s

     Running tests/constitution_router_price_quote.rs (target/debug/deps/constitution_router_price_quote-aec363f710e118b5)

running 4 tests
test low_liquidity_warning ... ok
test price_does_not_make_failed_node_accepted ... ok
test price_quote_does_not_change_state ... ok
test price_signal_not_predicate ... ok

test result: ok. 4 passed; 0 failed; 0 ignored; 0 measured; 0 filtered out; finished in 0.12s

     Running tests/constitution_rules_ci_mirror.rs (target/debug/deps/constitution_rules_ci_mirror-2753dd7410be9f37)

running 7 tests
test all_15_active_yaml_rules_present ... ok
test engine_py_and_hook_still_present ... ok
test r001_kernel_purity_no_domain_terms ... ok
test r002_no_coin_minting_in_repo ... ok
test r005_no_forced_investment_in_repo ... ok
test r015_trace_matrix_file_exists ... ok
test r018_constitution_md_exists ... ok

test result: ok. 7 passed; 0 failed; 0 ignored; 0 measured; 0 filtered out; finished in 0.09s

     Running tests/constitution_runner_invariant_formula.rs (target/debug/deps/constitution_runner_invariant_formula-516c594d460c0c70)

running 4 tests
test architect_inv1_uses_completed_llm_calls_scope ... ok
test claude_md_report_standard_uses_canonical_invariant ... ok
test runner_extracts_completed_llm_calls_from_step_parse_fail_llm_err ... ok
test runner_passes_completed_llm_calls_to_invariant_binary ... ok

test result: ok. 4 passed; 0 failed; 0 ignored; 0 measured; 0 filtered out; finished in 0.00s

     Running tests/constitution_script_liveness_inventory.rs (target/debug/deps/constitution_script_liveness_inventory-50451fca75896ede)

running 4 tests
test every_retained_script_file_has_exactly_one_liveness_group ... ok
test production_true_suite_scripts_bind_to_realworld_or_broad_contracts ... ok
test script_groups_have_valid_closure_semantics ... ok
test script_inventory_policy_is_final_closure_witness ... ok

test result: ok. 4 passed; 0 failed; 0 ignored; 0 measured; 0 filtered out; finished in 0.02s

     Running tests/constitution_shielding_evidence_binding.rs (target/debug/deps/constitution_shielding_evidence_binding-1b1845800e9b9a4b)

running 9 tests
test wave3_50p_shielding_aggregate_coverage_floor ... ok
test wave3_50p_shielding_attempt_telemetry_does_not_inline_payload ... ok
test wave3_50p_shielding_chain_invariant_companion_present ... ok
test wave3_50p_shielding_evidence_capsule_routes_via_cid ... ok
test wave3_50p_shielding_lean_result_is_verdict_only ... ok
test wave3_50p_shielding_no_leakage_suggestive_schema_ids ... ok
test wave3_50p_shielding_no_orphan_raw_bodies ... ok
test wave3_50p_shielding_rejection_class_low_pollution ... ok
test wave3_50p_shielding_typed_wrappers_dont_inline_raw ... ok

test result: ok. 9 passed; 0 failed; 0 ignored; 0 measured; 0 filtered out; finished in 0.33s

     Running tests/constitution_shielding_gate.rs (target/debug/deps/constitution_shielding_gate-822e296bb0b5eed3)

running 5 tests
test dashboard_does_not_leak_private_failure_detail ... ok
test evidence_capsule_raw_logs_audit_only ... ok
test l4e_public_summary_low_pollution ... ok
test private_diagnostic_cid_not_serialized_publicly ... ok
test raw_lean_stderr_not_in_agent_read_view ... ok

test result: ok. 5 passed; 0 failed; 0 ignored; 0 measured; 0 filtered out; finished in 0.06s

     Running tests/constitution_subagent_pr_hygiene.rs (target/debug/deps/constitution_subagent_pr_hygiene-3080531270ccaa13)

running 22 tests
test agents_md_documents_pr_only_workflow ... ok
test install_hooks_script_installs_commit_msg ... ok
test install_hooks_script_installs_pre_push ... ok
test k_harden_8_agents_md_documents_universal_entry ... ok
test k_harden_8_all_cli_entries_mention_pr_only_rule ... ok
test k_harden_8_all_cli_entries_point_to_agents_md ... ok
test k_harden_8_all_cli_entry_files_exist ... ok
test l5_gitignore_blocks_claude_worktrees ... ok
test l5_gitignore_blocks_dev_evidence_sidecar ... ok
test l5_worktree_create_hook_exists_and_executable ... ok
test l5_worktree_create_hook_uses_lock_and_no_track ... ok
test l7_dispatch_wrapper_exists ... ok
test l7_subagent_harness_skill_exists_with_postlude ... ok
test l8_commit_msg_hook_runs_r022_check ... ok
test l8_git_add_hook_emits_deny_for_wildcard_staging ... ok
test l8_git_add_hook_exists_and_executable ... ok
test l8_pre_commit_hook_chains_k_harden_2_block ... ok
test l9_git_push_hook_exists_and_blocks_main ... ok
test l9_universal_git_pre_push_hook_exists ... ok
test settings_json_wires_worktree_create_and_validate_git_add ... ok
test setup_branch_protection_script_exists ... ok
test subagent_skill_documents_pr_only_workflow ... ok

test result: ok. 22 passed; 0 failed; 0 ignored; 0 measured; 0 filtered out; finished in 0.01s

     Running tests/constitution_tape_canonical_gate.rs (target/debug/deps/constitution_tape_canonical_gate-b90a8eef2cac2f7a)

running 7 tests
test all_externalized_attempts_have_cas_payload ... ok
test all_lean_results_have_cas_payload ... ok
test canonical_txid_not_shadow_id ... ok
test chain_derived_facts_not_evaluator_stdout ... ok
test dashboard_regenerates_from_tape_cas ... ok
test tape_no_parallel_ledger_source_of_truth ... ok
test tape_no_shadow_tape_authoritative_parent ... ok

test result: ok. 7 passed; 0 failed; 0 ignored; 0 measured; 0 filtered out; finished in 0.07s

     Running tests/constitution_tb_n3_a3_emit.rs (target/debug/deps/constitution_tb_n3_a3_emit-d87cd18d5262b166)

running 5 tests
test _suppress_unused ... ok
test sg_n3_4_aux_idempotent_re_emit ... ok
test sg_n3_4_event_id_is_node_survive_namespaced ... ok
test sg_n3_5_treasury_debit_exact ... ok
test sg_n3_6_budget_exhausted_no_ghost_pool ... ok

test result: ok. 5 passed; 0 failed; 0 ignored; 0 measured; 0 filtered out; finished in 0.41s

     Running tests/constitution_tb_n3_invest_routing.rs (target/debug/deps/constitution_tb_n3_invest_routing-f4ca1c21a1066d95)

running 9 tests
test _suppress_unused_imports ... ok
test balance_shortfall_returns_amount_exceeds_balance ... ok
test closed_pool_routes_to_no_pool ... ok
test empty_node_str_returns_malformed_node ... ok
test negative_amount_invest_returns_negative_amount ... ok
test same_invest_payload_yields_deterministic_signature ... ok
test sg_n3_1_fixture_pool_present_router_accepts ... ok
test sg_n3_2_missing_pool_routes_to_l4e_no_pool ... ok
test zero_amount_invest_returns_zero_amount ... ok

test result: ok. 9 passed; 0 failed; 0 ignored; 0 measured; 0 filtered out; finished in 0.05s

     Running tests/constitution_true_suite_boot_cli_runner.rs (target/debug/deps/constitution_true_suite_boot_cli_runner-2febaf5333145e7d)

running 2 tests
test boot_cli_runner_executes_current_kernel_and_replays_via_cli ... ok
test boot_cli_runner_script_stays_external_to_kernel_simulation ... ok

test result: ok. 2 passed; 0 failed; 0 ignored; 0 measured; 0 filtered out; finished in 1.88s

     Running tests/constitution_true_suite_broad_agi_batch_runner.rs (target/debug/deps/constitution_true_suite_broad_agi_batch_runner-7d5e2e60b4225b0e)

running 7 tests
test broad_agi_batch_parses_partial_participation_report_content ... ok
test broad_agi_batch_plan_only_writes_non_closing_pending_report ... ok
test broad_agi_batch_rejects_claimed_full_report_with_missing_market_row ... ok
test broad_agi_batch_rejects_market_opportunity_without_agent_choice ... ok
test broad_agi_batch_runner_failure_overrides_full_system_lit_report ... ok
test broad_agi_batch_script_preserves_external_boundary_and_no_overclaim_guards ... ok
test restore_true_suite_chain_evidence_script_verifies_from_packaged_tarballs ... ok

test result: ok. 7 passed; 0 failed; 0 ignored; 0 measured; 0 filtered out; finished in 0.34s

     Running tests/constitution_true_suite_cybench_runner.rs (target/debug/deps/constitution_true_suite_cybench_runner-cd62be445c5b757c)

running 2 tests
test cybench_runner_calls_proxy_records_safe_sandbox_trace_and_replays_worktx ... ok
test cybench_runner_script_and_batch_contracts_are_non_closing_and_external ... ok

test result: ok. 2 passed; 0 failed; 0 ignored; 0 measured; 0 filtered out; finished in 1.48s

     Running tests/constitution_true_suite_evidence_packaging.rs (target/debug/deps/constitution_true_suite_evidence_packaging-43e673164f6616e5)

running 3 tests
test true_suite_packager_archives_nested_git_stores_and_removes_loose_dirs ... ok
test true_suite_packager_archives_restore_to_expected_paths ... TRUE-SUITE packaged evidence stores: /private/var/folders/w3/17p860vj3174xqzb2z010qth0000gn/T/.tmp0gf8dG/true_suite_run/evidence_package_manifest.json (4 packages)
ok
test true_suite_packager_tarballs_are_deterministic_for_identical_input ... TRUE-SUITE packaged evidence stores: /private/var/folders/w3/17p860vj3174xqzb2z010qth0000gn/T/.tmpNjW7YN/run_a/evidence_package_manifest.json (2 packages)
TRUE-SUITE packaged evidence stores: /private/var/folders/w3/17p860vj3174xqzb2z010qth0000gn/T/.tmpNjW7YN/run_b/evidence_package_manifest.json (2 packages)
ok

test result: ok. 3 passed; 0 failed; 0 ignored; 0 measured; 0 filtered out; finished in 0.23s

     Running tests/constitution_true_suite_evidence_reconciliation.rs (target/debug/deps/constitution_true_suite_evidence_reconciliation-53e0da9aeecc29f5)

running 2 tests
test reconciliation_covers_every_fresh_domain_and_broad_family_with_lit_evidence ... ok
test reconciliation_manifest_verifies_final_closure_no_evidence_rewrite ... ok

test result: ok. 2 passed; 0 failed; 0 ignored; 0 measured; 0 filtered out; finished in 0.02s

     Running tests/constitution_true_suite_fc3_governance_runner.rs (target/debug/deps/constitution_true_suite_fc3_governance_runner-040ae657855aa9f9)

running 2 tests
test fc3_governance_runner_executes_typed_meta_roles_and_replays ... ok
test fc3_governance_runner_script_is_current_kernel_not_external_ceremony ... ok

test result: ok. 2 passed; 0 failed; 0 ignored; 0 measured; 0 filtered out; finished in 1.15s

     Running tests/constitution_true_suite_gaia_runner.rs (target/debug/deps/constitution_true_suite_gaia_runner-e7a5b7721ec38e49)

running 2 tests
test gaia_runner_calls_proxy_writes_cas_claim_and_replays_worktx ... ok
test gaia_runner_script_uses_public_dataset_proxy_and_no_raw_provider_evidence ... ok

test result: ok. 2 passed; 0 failed; 0 ignored; 0 measured; 0 filtered out; finished in 1.34s

     Running tests/constitution_true_suite_generate_artifact_runner.rs (target/debug/deps/constitution_true_suite_generate_artifact_runner-4e01652591926623)

running 2 tests
test generate_artifact_runner_script_preserves_external_agent_boundary ... ok
test generate_artifact_runner_uses_external_endpoint_and_replays_artifact_chain ... ok

test result: ok. 2 passed; 0 failed; 0 ignored; 0 measured; 0 filtered out; finished in 8.82s

     Running tests/constitution_true_suite_gpqa_runner.rs (target/debug/deps/constitution_true_suite_gpqa_runner-a4c2707322747dec)

running 2 tests
test gpqa_runner_calls_proxy_writes_cas_claim_and_replays_worktx ... ok
test gpqa_runner_script_uses_public_dataset_proxy_and_no_raw_provider_evidence ... ok

test result: ok. 2 passed; 0 failed; 0 ignored; 0 measured; 0 filtered out; finished in 1.82s

     Running tests/constitution_true_suite_market_external_agent_runner.rs (target/debug/deps/constitution_true_suite_market_external_agent_runner-5cbd31bb1c57ee67)

running 2 tests
test market_external_agent_runner_calls_proxy_and_replays_signed_router_tx ... ok
test market_external_agent_runner_script_uses_provider_proxy_not_kernel_fixtures ... ok

test result: ok. 2 passed; 0 failed; 0 ignored; 0 measured; 0 filtered out; finished in 2.40s

     Running tests/constitution_true_suite_math_runner.rs (target/debug/deps/constitution_true_suite_math_runner-2e9c6068aaf437d2)

running 2 tests
test math_runner_calls_proxy_writes_cas_claim_and_replays_worktx ... ok
test math_runner_script_uses_public_dataset_proxy_and_no_raw_provider_evidence ... ok

test result: ok. 2 passed; 0 failed; 0 ignored; 0 measured; 0 filtered out; finished in 1.72s

     Running tests/constitution_true_suite_mind2web_runner.rs (target/debug/deps/constitution_true_suite_mind2web_runner-9b24d7eb421f4f04)

running 3 tests
test mind2web_runner_calls_proxy_records_browser_action_and_replays_worktx ... ok
test mind2web_runner_records_missing_backend_node_as_model_failure_not_infrastructure_failure ... ok
test mind2web_runner_script_uses_public_dataset_and_preserves_external_boundary ... ok

test result: ok. 3 passed; 0 failed; 0 ignored; 0 measured; 0 filtered out; finished in 3.65s

     Running tests/constitution_true_suite_osworld_runner.rs (target/debug/deps/constitution_true_suite_osworld_runner-a9d0c86e19cd2c52)

running 2 tests
test osworld_runner_calls_proxy_records_sandbox_action_and_replays_worktx ... ok
test osworld_runner_script_and_batch_contracts_are_non_closing_and_external ... ok

test result: ok. 2 passed; 0 failed; 0 ignored; 0 measured; 0 filtered out; finished in 2.61s

     Running tests/constitution_true_suite_replay_cas_tamper_runner.rs (target/debug/deps/constitution_true_suite_replay_cas_tamper_runner-90360b8647e61004)

running 2 tests
test replay_cas_tamper_runner_script_uses_current_kernel_not_historical_fixtures ... ok
test replay_cas_tamper_runner_verifies_current_kernel_and_detects_tamper ... ok

test result: ok. 2 passed; 0 failed; 0 ignored; 0 measured; 0 filtered out; finished in 3.12s

     Running tests/constitution_true_suite_swebench_runner.rs (target/debug/deps/constitution_true_suite_swebench_runner-311e8ba3bcdf67a0)

running 2 tests
test swebench_runner_calls_proxy_writes_cas_patch_and_replays_worktx ... ok
test swebench_runner_script_uses_public_dataset_proxy_and_no_raw_provider_evidence ... ok

test result: ok. 2 passed; 0 failed; 0 ignored; 0 measured; 0 filtered out; finished in 1.76s

     Running tests/constitution_true_suite_tdma_runner.rs (target/debug/deps/constitution_true_suite_tdma_runner-4b7bc101d8d7f2d8)

running 2 tests
test tdma_runner_script_preserves_external_boundary_and_tdma_tape_semantics ... ok
test tdma_runner_uses_external_endpoint_and_writes_durable_tdma_tape ... ok

test result: ok. 2 passed; 0 failed; 0 ignored; 0 measured; 0 filtered out; finished in 1.69s

     Running tests/constitution_true_suite_toolbench_runner.rs (target/debug/deps/constitution_true_suite_toolbench_runner-d3a080bf9df23166)

running 2 tests
test toolbench_runner_calls_proxy_records_tool_calls_and_replays_worktx ... ok
test toolbench_runner_script_uses_public_dataset_and_preserves_external_boundary ... ok

test result: ok. 2 passed; 0 failed; 0 ignored; 0 measured; 0 filtered out; finished in 2.14s

     Running tests/constitution_true_suite_webarena_runner.rs (target/debug/deps/constitution_true_suite_webarena_runner-42eb1accbe2e82b3)

running 2 tests
test webarena_runner_calls_proxy_records_browser_action_and_replays_worktx ... ok
test webarena_runner_script_uses_official_config_proxy_and_no_live_side_effects ... ok

test result: ok. 2 passed; 0 failed; 0 ignored; 0 measured; 0 filtered out; finished in 2.75s

     Running tests/constitution_wave3_evidence_binding.rs (target/debug/deps/constitution_wave3_evidence_binding-995a65ed010bfb54)

running 8 tests
test wave3_20p_aggregate_fc1_invariant_holds ... ok
test wave3_50p_aggregate_fc1_invariant_holds ... ok
test wave3_50p_chain_invariant_all_pass ... ok
test wave3_50p_chaintape_runtime_repo_present ... ok
test wave3_50p_dashboard_regen_matches_chain ... ok
test wave3_50p_no_memory_only_preseed_binding ... ok
test wave3_50p_replay_assertions_all_pass ... ok
test wave3_50p_solve_count_three_observer_agreement ... ok

test result: ok. 8 passed; 0 failed; 0 ignored; 0 measured; 0 filtered out; finished in 0.01s

     Running tests/constitution_web_cli_kernel_invariant.rs (target/debug/deps/constitution_web_cli_kernel_invariant-18b57ea9dae8490f)

running 3 tests
test web_artifact_delivery_uses_runtime_artifact_bundle_kernel ... ok
test web_layer_never_calls_llm_client_directly ... ok
test web_layer_never_defines_capsule_schema_ids ... ok

test result: ok. 3 passed; 0 failed; 0 ignored; 0 measured; 0 filtered out; finished in 0.03s

     Running tests/constitution_wilson_ci.rs (target/debug/deps/constitution_wilson_ci-a21b9e766a34aeea)

running 5 tests
test wilson_ci_format_includes_ci_band ... ok
test wilson_ci_handles_full_solved_without_panic ... ok
test wilson_ci_handles_zero_solved_without_panic ... ok
test wilson_ci_helper_exists_and_returns_some_for_nonzero_trials ... ok
test wilson_ci_zero_trials_returns_none_not_panic ... ok

test result: ok. 5 passed; 0 failed; 0 ignored; 0 measured; 0 filtered out; finished in 0.00s

[k-1-5] total=164 failed=0
